year,month,day,hour,wind_speed,direction,rain
2023,11,19,5,0.887,12.185,0.0
2023,11,19,6,1.008,7.554,0.0
2023,11,19,7,1.25,36.763,0.0
2023,11,19,8,1.716,50.775,0.0
2023,11,19,9,1.801,61.36,0.0
2023,11,19,10,2.208,58.176,0.0
2023,11,19,11,1.935,44.389,0.0
2023,11,19,12,3.306,39.17,0.0
2023,11,19,13,3.864,38.204,0.0
2023,11,19,14,3.467,39.294,0.0
2023,11,19,15,3.247,37.87,0.0
2023,11,19,16,3.015,41.28,0.0
2023,11,19,17,2.001,30.432,0.0
2023,11,19,18,1.635,38.459,0.0
2023,11,19,19,1.627,35.579,0.0
2023,11,19,20,2.628,358.456,0.0
2023,11,19,21,2.123,270.292,0.0
2023,11,19,22,3.146,231.193,0.0
2023,11,19,23,3.834,234.697,0.0
2023,11,20,0,3.864,229.014,0.0
2023,11,20,1,3.562,231.497,0.0
2023,11,20,2,3.162,237.298,0.0
2023,11,20,3,3.843,228.296,0.0
2023,11,20,4,3.137,228.5,0.0
2023,11,20,5,2.487,221.468,0.0
2023,11,20,6,2.664,229.212,0.0
2023,11,20,7,2.392,242.506,0.0
2023,11,20,8,1.733,243.989,0.0
2023,11,20,9,1.471,228.191,0.0
2023,11,20,10,1.253,200.266,0.0
2023,11,20,11,1.02,199.131,0.0
2023,11,20,12,1.75,114.832,0.0
2023,11,20,13,1.684,49.033,0.0
2023,11,20,14,1.685,45.881,0.0
2023,11,20,15,2.051,37.456,0.0
2023,11,20,16,1.504,32.695,0.0
2023,11,20,17,1.402,32.301,0.0
2023,11,20,18,1.762,25.135,0.0
2023,11,20,19,1.183,28.082,0.0
2023,11,20,20,1.546,42.51,0.0
2023,11,20,21,1.324,35.341,0.0
2023,11,20,22,1.956,38.34,0.0
2023,11,20,23,1.925,36.746,0.0
2023,11,21,0,1.725,30.503,0.0
2023,11,21,1,0.789,10.966,0.0
2023,11,21,2,1.423,37.79,0.0
2023,11,21,3,1.528,29.388,0.0
2023,11,21,4,1.672,27.931,0.0
2023,11,21,5,0.926,256.039,0.0
2023,11,21,6,0.3,298.204,0.0
2023,11,21,7,1.266,36.055,0.017
2023,11,21,8,1.453,38.454,0.0
2023,11,21,9,0.154,22.954,0.0
2023,11,21,10,1.872,224.621,0.0
2023,11,21,11,2.713,229.397,0.0
2023,11,21,12,3.209,238.766,0.0
2023,11,21,13,3.212,232.931,0.0
2023,11,21,14,2.895,231.052,0.0
2023,11,21,15,2.339,231.959,0.0
2023,11,21,16,1.964,233.349,0.0
2023,11,21,17,1.327,239.184,0.0
2023,11,21,18,1.045,265.472,0.0
2023,11,21,19,0.756,274.806,0.0
2023,11,21,20,0.433,273.976,0.0
2023,11,21,21,0.882,255.334,0.0
2023,11,21,22,0.94,238.183,0.0
2023,11,21,23,1.167,225.984,0.0
2023,11,22,0,1.418,212.719,0.0
2023,11,22,1,1.206,238.704,0.0
2023,11,22,2,1.476,247.94,0.0
2023,11,22,3,1.094,237.823,0.0
2023,11,22,4,1.185,235.975,0.0
2023,11,22,5,2.228,233.914,0.0
2023,11,22,6,2.454,225.261,0.0
2023,11,22,7,2.589,227.296,0.0
2023,11,22,8,2.209,242.275,0.0
2023,11,22,9,1.842,230.028,0.0
2023,11,22,10,1.289,203.962,0.0
2023,11,22,11,1.443,157.062,0.0
2023,11,22,12,1.193,158.31,0.0
2023,11,22,13,1.3,128.442,0.0
2023,11,22,14,1.64,107.146,0.0
2023,11,22,15,1.622,85.522,0.0
2023,11,22,16,1.425,85.403,0.0
2023,11,22,17,1.297,55.789,0.0
2023,11,22,18,1.302,30.404,0.0
2023,11,22,19,1.052,21.751,0.0
2023,11,22,20,1.03,26.524,0.0
2023,11,22,21,0.838,15.985,0.0
2023,11,22,22,0.648,26.071,0.0
2023,11,22,23,0.692,17.584,0.0
2023,11,23,0,0.963,14.686,0.0
2023,11,23,1,0.996,24.614,0.0
2023,11,23,2,0.574,35.19,0.0
2023,11,23,3,0.245,127.807,0.0
2023,11,23,4,1.051,241.789,0.0
2023,11,23,5,1.663,239.657,0.0
2023,11,23,6,1.73,239.581,0.0
2023,11,23,7,1.802,232.176,0.0
2023,11,23,8,1.832,238.254,0.0
2023,11,23,9,1.754,236.65,0.0
2023,11,23,10,1.965,234.074,0.0
2023,11,23,11,2.077,229.72,0.0
2023,11,23,12,1.725,235.289,0.0
2023,11,23,13,1.686,241.116,0.0
2023,11,23,14,1.385,202.23,0.0
2023,11,23,15,1.38,220.886,0.0
2023,11,23,16,1.679,239.719,0.0
2023,11,23,17,1.738,240.473,0.0
2023,11,23,18,1.45,243.847,0.0
2023,11,23,19,1.509,241.071,0.0
2023,11,23,20,1.576,241.51,0.0
2023,11,23,21,1.687,233.396,0.0
2023,11,23,22,1.618,236.555,0.0
2023,11,23,23,1.156,245.19,0.0
2023,11,24,0,0.734,17.921,0.0
2023,11,24,1,0.879,10.096,0.0
2023,11,24,2,1.005,350.367,0.0
2023,11,24,3,1.11,25.43,0.0
2023,11,24,4,1.37,31.041,0.0
2023,11,24,5,1.375,40.353,0.0
2023,11,24,6,1.72,40.236,0.0
2023,11,24,7,2.345,34.769,0.0
2023,11,24,8,2.603,36.0,0.0
2023,11,24,9,2.772,36.108,0.0
2023,11,24,10,2.139,39.134,0.0
2023,11,24,11,2.022,43.213,0.0
2023,11,24,12,1.206,55.761,0.0
2023,11,24,13,1.105,82.462,0.0
2023,11,24,14,0.611,129.856,0.0
2023,11,24,15,2.698,233.187,0.0
2023,11,24,16,5.66,227.757,0.0
2023,11,24,17,4.151,222.982,0.544
2023,11,24,18,3.233,234.823,0.23800000000000002
2023,11,24,19,3.131,237.807,0.017
2023,11,24,20,3.649,231.565,0.0
2023,11,24,21,3.581,237.209,0.0
2023,11,24,22,3.432,233.89,0.017
2023,11,24,23,3.632,226.376,0.0
2023,11,25,0,2.699,235.643,0.0
2023,11,25,1,1.538,231.578,0.0
2023,11,25,2,0.691,120.343,0.0
2023,11,25,3,0.854,235.1,0.0
2023,11,25,4,1.597,237.205,0.0
2023,11,25,5,2.576,227.491,0.0
2023,11,25,6,2.006,230.021,0.0
2023,11,25,7,0.671,356.939,0.0
2023,11,25,8,0.682,271.611,0.0
2023,11,25,9,0.329,20.641,0.0
2023,11,25,10,1.132,42.702,0.0
2023,11,25,11,1.434,97.951,0.0
2023,11,25,12,1.766,92.244,0.0
2023,11,25,13,1.488,107.542,0.0
2023,11,25,14,1.258,113.712,0.0
2023,11,25,15,1.134,109.407,0.0
2023,11,25,16,1.568,114.454,0.0
2023,11,25,17,1.242,117.019,0.0
2023,11,25,18,1.146,127.17,0.0
2023,11,25,19,1.294,111.329,0.0
2023,11,25,20,1.799,100.462,0.0
2023,11,25,21,1.427,97.009,0.0
2023,11,25,22,1.87,111.602,0.0
2023,11,25,23,1.629,108.889,0.0
2023,11,26,0,1.313,101.16,0.0
2023,11,26,1,0.796,111.49,0.0
2023,11,26,2,1.025,107.872,0.0
2023,11,26,3,0.97,111.426,0.0
2023,11,26,4,0.891,103.685,0.0
2023,11,26,5,0.949,84.66,0.0
2023,11,26,6,0.91,60.619,0.0
2023,11,26,7,0.846,48.155,0.0
2023,11,26,8,0.892,39.429,0.0
2023,11,26,9,1.11,33.332,0.0
2023,11,26,10,1.318,57.445,0.0
2023,11,26,11,1.663,82.077,0.0
2023,11,26,12,1.659,77.29,0.0
2023,11,26,13,1.702,77.991,0.0
2023,11,26,14,1.782,82.124,0.0
2023,11,26,15,1.865,81.236,0.0
2023,11,26,16,1.136,73.772,0.0
2023,11,26,17,0.878,58.271,0.0
2023,11,26,18,1.068,87.227,0.0
2023,11,26,19,1.471,98.438,0.0
2023,11,26,20,1.27,87.556,0.0
2023,11,26,21,0.875,52.082,0.0
2023,11,26,22,1.304,25.156,0.0
2023,11,26,23,0.884,28.908,0.0
2023,11,27,0,0.827,13.574,0.0
2023,11,27,1,0.616,45.438,0.0
2023,11,27,2,0.764,58.031,0.0
2023,11,27,3,1.139,22.362,0.0
2023,11,27,4,0.612,41.854,0.0
2023,11,27,5,0.82,74.143,0.0
2023,11,27,6,1.111,74.338,0.0
2023,11,27,7,1.105,70.718,0.0
2023,11,27,8,1.271,59.584,0.0
2023,11,27,9,1.332,62.457,0.0
2023,11,27,10,1.475,81.293,0.0
2023,11,27,11,1.637,86.147,0.0
2023,11,27,12,1.342,69.236,0.0
2023,11,27,13,1.61,29.219,0.0
2023,11,27,14,1.882,17.095,0.0
2023,11,27,15,2.158,29.693,0.0
2023,11,27,16,0.86,77.58,0.0
2023,11,27,17,0.845,39.234,0.0
2023,11,27,18,0.749,23.969,0.0
2023,11,27,19,1.269,21.291,0.0
2023,11,27,20,0.884,32.252,0.0
2023,11,27,21,0.808,56.867,0.0
2023,11,27,22,0.823,63.227,0.0
2023,11,27,23,0.664,51.217,0.0
2023,11,28,0,0.694,33.194,0.0
2023,11,28,1,0.47,26.656,0.0
2023,11,28,2,0.451,10.676,0.0
2023,11,28,3,0.574,32.79,0.0
2023,11,28,4,0.574,38.751,0.0
2023,11,28,5,0.642,32.431,0.0
2023,11,28,6,0.918,63.458,0.0
2023,11,28,7,1.879,44.677,0.0
2023,11,28,8,1.991,37.345,0.0
2023,11,28,9,1.669,57.024,0.0
2023,11,28,10,2.22,57.324,0.0
2023,11,28,11,2.067,51.319,0.0
2023,11,28,12,1.581,45.149,0.0
2023,11,28,13,2.586,35.703,0.0
2023,11,28,14,2.345,37.261,0.0
2023,11,28,15,2.759,38.327,0.0
2023,11,28,16,1.562,25.984,0.0
2023,11,28,17,2.249,35.074,0.0
2023,11,28,18,2.863,45.106,0.0
2023,11,28,19,1.31,246.012,0.0
2023,11,28,20,2.207,209.527,0.10200000000000001
2023,11,28,21,3.682,222.285,0.0
2023,11,28,22,3.935,228.254,0.017
2023,11,28,23,4.688,220.01,0.0
2023,11,29,0,5.186,217.859,0.0
2023,11,29,1,5.582,220.24,0.017
2023,11,29,2,4.182,221.775,0.068
2023,11,29,3,3.528,221.783,0.0
2023,11,29,4,3.603,221.38,0.0
2023,11,29,5,4.287,217.353,0.0
2023,11,29,6,4.068,228.022,0.0
2023,11,29,7,4.442,218.059,0.0
2023,11,29,8,4.389,229.08,0.0
2023,11,29,9,3.925,234.235,0.0
2023,11,29,10,3.563,233.205,0.0
2023,11,29,11,4.066,232.536,0.0
2023,11,29,12,4.354,234.959,0.0
2023,11,29,13,4.035,229.616,0.0
2023,11,29,14,3.589,231.174,0.0
2023,11,29,15,3.8,234.993,0.0
2023,11,29,16,3.409,233.08,0.0
2023,11,29,17,4.039,232.967,0.0
2023,11,29,18,3.628,229.276,0.0
2023,11,29,19,3.665,241.955,0.0
2023,11,29,20,2.632,235.646,0.0
2023,11,29,21,2.409,231.616,0.0
2023,11,29,22,2.253,237.521,0.0
2023,11,29,23,2.209,248.652,0.0
2023,11,30,0,2.134,253.086,0.0
2023,11,30,1,1.963,244.588,0.0
2023,11,30,2,1.562,250.134,0.0
2023,11,30,3,1.538,255.73,0.0
2023,11,30,4,1.532,254.603,0.0
2023,11,30,5,1.333,234.133,0.0
2023,11,30,6,1.458,238.39,0.0
2023,11,30,7,2.005,233.125,0.0
2023,11,30,8,1.793,252.474,0.0
2023,11,30,9,1.435,154.238,0.0
2023,11,30,10,1.816,131.688,0.0
2023,11,30,11,2.188,128.568,0.0
2023,11,30,12,1.93,117.605,0.0
2023,11,30,13,2.543,96.417,0.0
2023,11,30,14,2.354,92.739,0.0
2023,11,30,15,2.175,83.202,0.0
2023,11,30,16,2.035,83.911,0.0
2023,11,30,17,1.759,79.382,0.0
2023,11,30,18,1.53,71.5,0.0
2023,11,30,19,1.398,61.022,0.0
2023,11,30,20,1.565,52.923,0.0
2023,11,30,21,1.828,42.08,0.0
2023,11,30,22,1.942,37.853,0.0
2023,11,30,23,2.104,30.851,0.0
2023,12,1,0,2.104,27.986,0.0
2023,12,1,1,1.954,26.248,0.0
2023,12,1,2,2.534,31.898,0.0
2023,12,1,3,3.655,36.572,0.0
2023,12,1,4,3.574,38.339,0.0
2023,12,1,5,3.66,38.112,0.0
2023,12,1,6,2.717,23.794,0.0
2023,12,1,8,2.753,44.154,0.0
2023,12,1,9,3.129,56.348,0.0
2023,12,1,10,3.993,55.716,0.0
2023,12,1,11,3.875,56.836,0.0
2023,12,1,12,3.849,54.455,0.0
2023,12,1,13,3.099,52.452,0.0
2023,12,1,14,3.059,37.16,0.0
2023,12,1,15,3.775,36.273,0.0
2023,12,1,16,3.882,34.983,0.0
2023,12,1,17,4.327,35.473,0.0
2023,12,1,18,4.714,38.014,0.0
2023,12,1,19,4.579,36.914,0.0
2023,12,1,20,4.438,36.556,0.0
2023,12,1,21,3.964,36.012,0.0
2023,12,1,22,4.231,35.929,0.0
2023,12,1,23,4.684,35.624,0.0
2023,12,2,0,3.96,36.132,0.0
2023,12,2,1,3.554,36.37,0.0
2023,12,2,2,3.059,33.005,0.0
2023,12,2,3,2.606,36.547,0.0
2023,12,2,4,1.924,30.419,0.0
2023,12,2,5,1.084,18.324,0.0
2023,12,2,6,0.418,237.704,0.0
2023,12,2,7,0.608,200.62,0.0
2023,12,2,8,1.138,169.793,0.0
2023,12,2,9,1.156,208.449,0.0
2023,12,2,10,1.245,166.801,0.0
2023,12,2,11,1.333,145.029,0.0
2023,12,2,12,1.514,128.251,0.0
2023,12,2,13,1.327,196.978,0.0
2023,12,2,14,0.943,219.332,0.0
2023,12,2,15,1.547,234.871,0.0
2023,12,2,16,2.381,236.132,0.0
2023,12,2,17,2.804,240.242,0.0
2023,12,2,18,3.331,244.39,0.0
2023,12,2,19,3.266,236.448,0.0
2023,12,2,20,3.645,226.853,0.0
2023,12,2,21,3.288,230.678,0.0
2023,12,2,22,2.233,228.677,0.0
2023,12,2,23,1.829,242.921,0.0
2023,12,3,0,1.146,245.915,0.0
2023,12,3,1,0.627,50.705,0.0
2023,12,3,2,0.907,17.563,0.0
2023,12,3,3,0.612,9.411,0.0
2023,12,3,4,2.033,37.589,0.0
2023,12,3,5,2.593,36.281,0.0
2023,12,3,6,2.181,33.18,0.0
2023,12,3,7,2.704,36.579,0.0
2023,12,3,8,3.112,34.924,0.0
2023,12,3,9,3.743,36.462,0.0
2023,12,3,10,3.33,37.894,0.0
2023,12,3,11,2.787,39.091,0.0
2023,12,3,12,2.74,51.147,0.0
2023,12,3,13,2.416,38.024,0.0
2023,12,3,14,1.949,39.645,0.0
2023,12,3,15,1.744,30.917,0.0
2023,12,3,16,1.173,17.791,0.0
2023,12,3,17,0.396,32.633,0.0
2023,12,3,18,0.341,207.628,0.629
2023,12,3,19,1.804,57.815,0.068
2023,12,3,20,0.618,285.797,0.017
2023,12,3,21,2.782,240.04,0.017
2023,12,3,22,2.113,245.881,0.0
2023,12,3,23,2.165,245.388,0.017
2023,12,4,0,3.728,224.112,0.0
2023,12,4,1,3.819,232.09,0.0
2023,12,4,6,2.363,229.53,0.017
2023,12,4,7,2.103,235.97,0.0
2023,12,4,8,0.965,198.529,0.0
2023,12,4,9,1.305,139.038,0.0
2023,12,4,10,1.54,131.028,0.0
2023,12,4,11,1.767,120.533,0.0
2023,12,4,12,1.47,131.207,0.0
2023,12,4,13,1.694,124.292,0.0
2023,12,4,14,1.714,117.848,0.0
2023,12,4,15,1.718,99.198,0.0
2023,12,4,16,1.114,126.206,0.0
2023,12,4,17,1.75,234.009,0.0
2023,12,4,18,3.339,232.138,0.0
2023,12,4,19,2.188,209.729,0.0
2023,12,4,20,2.188,209.729,0.0
2023,12,4,21,2.188,209.729,0.0
2023,12,4,22,2.812,217.994,0.0
2023,12,4,23,4.203,228.875,0.0
2023,12,5,0,2.858,230.503,0.0
2023,12,5,1,3.8,226.528,0.0
2023,12,5,2,3.037,225.473,0.0
2023,12,5,3,2.821,225.335,0.0
2023,12,5,4,2.313,241.136,0.0
2023,12,5,5,2.08,239.087,0.0
2023,12,5,6,2.091,230.595,0.0
2023,12,5,7,2.045,231.253,0.0
2023,12,5,8,2.041,234.169,0.0
2023,12,5,9,2.109,235.726,0.0
2023,12,5,10,1.791,255.362,0.0
2023,12,5,11,1.846,248.439,0.0
2023,12,5,12,2.102,242.724,0.0
2023,12,5,13,2.607,231.621,0.0
2023,12,5,14,1.658,232.145,0.0
2023,12,5,15,0.513,245.518,0.0
2023,12,5,16,1.772,239.443,0.0
2023,12,5,17,2.071,230.634,0.0
2023,12,5,18,2.118,230.189,0.0
2023,12,5,19,1.312,250.057,0.0
2023,12,5,20,1.639,247.398,0.017
2023,12,5,21,2.049,247.982,0.0
2023,12,5,22,1.455,241.761,0.0
2023,12,5,23,1.532,247.759,0.0
2023,12,6,0,1.965,252.987,0.0
2023,12,6,1,2.003,248.194,0.0
2023,12,6,2,1.928,256.042,0.0
2023,12,6,3,1.838,240.913,0.0
2023,12,6,4,1.383,250.321,0.0
2023,12,6,5,1.341,246.685,0.0
2023,12,6,6,1.128,283.061,0.017
2023,12,6,7,0.912,280.797,0.0
2023,12,6,8,1.222,275.124,0.0
2023,12,6,9,0.573,43.468,0.0
2023,12,6,10,1.234,55.119,0.0
2023,12,6,11,1.686,23.663,0.0
2023,12,6,12,1.135,55.108,0.0
2023,12,6,13,1.387,22.946,0.0
2023,12,6,14,1.542,52.114,0.0
2023,12,6,15,1.632,39.551,0.017
2023,12,6,16,1.242,47.53,0.0
2023,12,6,17,1.496,43.917,0.0
2023,12,6,18,1.761,32.908,0.0
2023,12,6,19,1.082,11.864,0.0
2023,12,6,20,2.368,18.123,0.0
2023,12,6,21,2.228,16.001,0.0
2023,12,6,22,2.655,12.012,0.0
2023,12,6,23,2.139,22.398,0.0
2023,12,7,0,2.427,33.728,0.0
2023,12,7,1,2.452,34.884,0.017
2023,12,7,2,3.655,35.291,0.0
2023,12,7,3,3.256,31.66,0.0
2023,12,7,4,3.437,27.839,0.0
2023,12,7,5,3.08,43.41,0.0
2023,12,7,6,2.972,52.324,0.0
2023,12,7,7,3.004,61.686,0.0
2023,12,7,8,2.719,66.767,0.0
2023,12,7,9,2.872,63.034,0.0
2023,12,7,10,3.575,54.765,0.017
2023,12,7,11,2.372,39.398,0.0
2023,12,7,12,2.602,41.742,0.0
2023,12,7,13,2.94,34.046,0.0
2023,12,7,14,3.174,33.573,0.0
2023,12,7,15,3.109,21.063,0.0
2023,12,7,16,1.601,39.298,0.0
2023,12,7,17,2.404,51.657,0.0
2023,12,7,18,1.639,52.728,0.0
2023,12,7,19,1.846,24.853,0.0
2023,12,7,20,1.625,32.606,0.0
2023,12,7,21,2.405,51.613,0.0
2023,12,7,22,1.801,51.709,0.0
2023,12,7,23,2.034,16.594,0.0
2023,12,8,0,1.251,42.543,0.017
2023,12,8,1,1.466,43.411,0.0
2023,12,8,2,1.638,30.844,0.0
2023,12,8,3,1.55,19.565,0.0
2023,12,8,4,1.139,32.969,0.0
2023,12,8,5,0.692,48.673,0.0
2023,12,8,6,1.175,35.764,0.0
2023,12,8,7,1.245,57.405,0.0
2023,12,8,8,1.655,53.684,0.0
2023,12,8,9,1.863,47.519,0.0
2023,12,8,10,1.838,43.971,0.0
2023,12,8,11,1.905,54.732,0.0
2023,12,8,12,1.97,93.687,0.0
2023,12,8,13,1.694,81.112,0.0
2023,12,8,14,1.412,32.396,0.0
2023,12,8,15,0.238,195.642,0.0
2023,12,8,16,1.855,252.135,0.0
2023,12,8,17,1.78,243.207,0.0
2023,12,8,18,2.165,243.011,0.0
2023,12,8,19,2.504,230.807,0.0
2023,12,8,20,2.619,230.292,0.0
2023,12,8,21,1.833,223.066,0.0
2023,12,8,22,1.157,250.782,0.0
2023,12,8,23,1.115,254.531,0.0
2023,12,9,0,1.787,255.549,0.0
2023,12,9,1,1.741,251.964,0.0
2023,12,9,2,2.333,243.193,0.0
2023,12,9,3,2.659,236.375,0.0
2023,12,9,4,2.202,229.112,0.0
2023,12,9,5,1.359,242.273,0.0
2023,12,9,6,1.554,240.343,0.0
2023,12,9,7,2.115,229.122,0.0
2023,12,9,8,2.199,242.833,0.0
2023,12,9,9,1.796,240.783,0.0
2023,12,9,10,1.848,243.75,0.0
2023,12,9,11,1.428,247.407,0.0
2023,12,9,12,1.692,243.031,0.0
2023,12,9,13,2.211,241.329,0.0
2023,12,9,14,2.682,236.725,0.0
2023,12,9,15,2.815,238.376,0.0
2023,12,9,16,2.944,238.06,0.0
2023,12,9,17,3.281,231.113,0.0
2023,12,9,18,2.838,229.561,0.0
2023,12,9,19,2.017,231.577,0.0
2023,12,9,20,1.933,241.8,0.0
2023,12,9,21,2.006,243.712,0.0
2023,12,9,22,2.586,229.941,0.0
2023,12,9,23,2.544,232.518,0.0
2023,12,10,0,2.651,225.866,0.0
2023,12,10,1,2.929,223.178,0.0
2023,12,10,2,2.722,234.638,0.0
2023,12,10,3,2.291,242.577,0.0
2023,12,10,4,3.174,223.543,0.0
2023,12,10,5,3.392,225.328,0.0
2023,12,10,6,3.463,226.902,0.0
2023,12,10,7,3.39,226.175,0.0
2023,12,10,8,3.371,227.836,0.0
2023,12,10,9,2.659,235.109,0.0
2023,12,10,10,2.57,230.078,0.0
2023,12,10,11,2.325,230.513,0.0
2023,12,10,12,2.365,227.471,0.0
2023,12,10,13,2.431,233.684,0.0
2023,12,10,14,2.439,231.242,0.0
2023,12,10,15,2.288,226.387,0.0
2023,12,10,16,2.574,227.086,0.0
2023,12,10,17,1.998,232.968,0.0
2023,12,10,18,1.761,234.264,0.0
2023,12,10,19,2.025,235.022,0.0
2023,12,10,20,2.557,228.514,0.0
2023,12,10,21,2.261,231.36,0.0
2023,12,10,22,2.038,239.293,0.0
2023,12,10,23,1.92,244.903,0.0
2023,12,11,0,2.199,256.032,0.0
2023,12,11,1,1.975,256.632,0.0
2023,12,11,2,2.06,255.137,0.0
2023,12,11,3,1.516,231.473,0.0
2023,12,11,4,1.607,233.326,0.0
2023,12,11,5,1.821,229.493,0.0
2023,12,11,6,1.737,233.564,0.0
2023,12,11,7,1.729,239.652,0.0
2023,12,11,8,1.465,241.715,0.0
2023,12,11,9,1.659,241.44,0.0
2023,12,11,10,1.111,271.246,0.0
2023,12,11,11,0.559,114.769,0.0
2023,12,11,12,1.009,113.261,0.017
2023,12,11,13,0.474,130.437,0.0
2023,12,11,14,0.483,130.648,0.0
2023,12,11,15,0.274,247.951,0.0
2023,12,11,16,0.126,177.466,0.0
2023,12,11,17,0.646,219.237,0.0
2023,12,11,18,1.116,252.837,0.0
2023,12,11,19,0.268,253.198,0.0
2023,12,11,20,0.188,344.856,0.0
2023,12,11,21,0.425,326.684,0.0
2023,12,11,22,0.631,278.355,0.017
2023,12,11,23,0.365,257.074,0.0
2023,12,12,0,0.482,263.342,0.0
2023,12,12,1,0.575,261.917,0.0
2023,12,12,2,0.579,259.806,0.0
2023,12,12,3,0.697,244.263,0.0
2023,12,12,4,0.659,252.115,0.0
2023,12,12,5,0.751,238.796,0.0
2023,12,12,6,0.911,238.128,0.0
2023,12,12,7,1.475,242.697,0.0
2023,12,12,8,1.795,239.912,0.0
2023,12,12,9,2.551,237.514,0.0
2023,12,12,10,2.573,241.8,0.0
2023,12,12,11,2.203,236.057,0.0
2023,12,12,12,1.922,230.878,0.0
2023,12,12,13,2.582,235.335,0.0
2023,12,12,14,2.665,232.062,0.0
2023,12,12,15,2.504,241.303,0.0
2023,12,12,16,2.099,242.916,0.0
2023,12,12,17,2.188,234.125,0.0
2023,12,12,18,2.466,236.595,0.0
2023,12,12,19,2.469,237.64,0.0
2023,12,12,20,3.094,228.527,0.0
2023,12,12,21,2.987,229.265,0.0
2023,12,12,22,2.257,221.273,0.0
2023,12,12,23,1.964,240.825,0.0
2023,12,13,0,2.621,223.493,0.0
2023,12,13,1,2.303,233.906,0.0
2023,12,13,2,2.095,231.573,0.0
2023,12,13,3,2.043,239.702,0.0
2023,12,13,4,1.919,233.583,0.0
2023,12,13,5,2.195,244.524,0.017
2023,12,13,6,1.94,235.764,0.0
2023,12,13,7,1.409,253.398,0.0
2023,12,13,8,1.514,257.28,0.0
2023,12,13,9,1.69,264.765,0.0
2023,12,13,10,1.126,283.913,0.0
2023,12,13,11,1.071,66.427,0.0
2023,12,13,12,1.335,65.674,0.0
2023,12,13,13,1.188,42.346,0.0
2023,12,13,14,1.342,88.078,0.0
2023,12,13,15,1.031,57.17,0.0
2023,12,13,16,1.531,46.831,0.017
2023,12,13,17,2.253,36.048,0.0
2023,12,13,18,2.204,36.991,0.0
2023,12,13,19,2.075,22.301,0.0
2023,12,13,20,2.276,18.933,0.0
2023,12,13,21,2.424,26.31,0.0
2023,12,13,22,2.556,21.999,0.0
2023,12,13,23,4.763,37.265,0.0
2023,12,14,0,3.63,31.519,0.0
2023,12,14,1,4.424,35.331,0.0
2023,12,14,2,4.395,35.562,0.0
2023,12,14,3,5.025,37.575,0.0
2023,12,14,4,3.852,30.904,0.0
2023,12,14,5,3.993,32.35,0.0
2023,12,14,6,4.9,37.106,0.0
2023,12,14,7,5.11,38.89,0.0
2023,12,14,8,4.244,35.222,0.0
2023,12,14,9,3.597,33.48,0.0
2023,12,14,10,4.237,35.441,0.0
2023,12,14,11,4.674,35.83,0.0
2023,12,14,12,5.646,38.624,0.0
2023,12,14,13,3.432,27.787,0.0
2023,12,14,14,2.37,12.966,0.0
2023,12,14,15,2.253,245.721,0.0
2023,12,14,16,5.351,231.284,0.0
2023,12,14,17,5.41,229.179,0.0
2023,12,14,18,5.268,233.433,0.0
2023,12,14,19,4.497,224.76,0.0
2023,12,14,20,4.305,236.159,0.0
2023,12,14,21,3.09,239.76,0.0
2023,12,14,22,3.047,253.706,0.0
2023,12,14,23,3.047,253.706,0.0
2023,12,15,0,3.047,253.706,0.0
2023,12,15,1,2.057,251.33,0.0
2023,12,15,2,2.087,250.089,0.0
2023,12,15,3,1.346,245.054,0.0
2023,12,15,4,0.479,284.085,0.0
2023,12,15,5,0.506,275.579,0.0
2023,12,15,6,0.576,277.485,0.0
2023,12,15,7,1.285,266.692,0.0
2023,12,15,8,1.853,233.336,0.0
2023,12,15,9,1.874,232.452,0.0
2023,12,15,10,1.031,202.566,0.0
2023,12,15,11,1.265,176.412,0.0
2023,12,15,12,1.274,186.579,0.0
2023,12,15,13,2.248,236.752,0.0
2023,12,15,14,1.354,203.314,0.0
2023,12,15,15,1.111,219.855,0.0
2023,12,15,16,2.102,233.821,0.0
2023,12,15,17,1.498,235.974,0.0
2023,12,15,18,1.726,246.195,0.0
2023,12,15,19,1.583,255.861,0.0
2023,12,15,20,0.715,302.727,0.0
2023,12,15,21,1.707,248.318,0.0
2023,12,15,22,1.215,244.824,0.0
2023,12,15,23,0.912,264.654,0.0
2023,12,16,0,1.098,253.326,0.017
2023,12,16,1,1.062,250.612,0.0
2023,12,16,2,0.487,259.248,0.0
2023,12,16,3,0.518,20.416,0.0
2023,12,16,4,1.602,23.672,0.0
2023,12,16,5,1.45,13.525,0.0
2023,12,16,6,0.202,354.806,0.0
2023,12,16,7,0.588,236.85,0.0
2023,12,16,8,0.141,158.575,0.0
2023,12,16,9,0.34,160.645,0.0
2023,12,16,10,1.026,73.684,0.0
2023,12,16,11,1.297,48.165,0.0
2023,12,16,12,1.624,79.716,0.017
2023,12,16,13,1.51,63.209,0.0
2023,12,16,14,1.475,53.894,0.0
2023,12,16,15,1.191,64.152,0.0
2023,12,16,16,1.207,41.473,0.0
2023,12,16,17,1.219,31.983,0.0
2023,12,16,18,0.998,35.31,0.0
2023,12,16,19,1.045,15.443,0.0
2023,12,16,20,1.241,18.119,0.0
2023,12,16,21,1.465,16.456,0.0
2023,12,16,22,1.235,14.936,0.0
2023,12,16,23,1.051,8.85,0.0
2023,12,17,0,1.11,16.176,0.0
2023,12,17,1,1.255,31.146,0.0
2023,12,17,2,1.224,33.755,0.0
2023,12,17,3,1.335,34.523,0.0
2023,12,17,4,1.395,24.484,0.0
2023,12,17,5,1.469,31.164,0.0
2023,12,17,6,1.993,34.78,0.0
2023,12,17,7,1.694,34.8,0.0
2023,12,17,8,2.086,51.894,0.0
2023,12,17,9,2.565,56.031,0.0
2023,12,17,10,2.665,56.593,0.0
2023,12,17,11,3.052,55.672,0.0
2023,12,17,12,3.111,52.783,0.0
2023,12,17,13,2.307,55.971,0.0
2023,12,17,14,2.125,38.488,0.0
2023,12,17,15,2.479,37.899,0.0
2023,12,17,16,3.027,36.211,0.0
2023,12,17,17,2.498,36.277,0.0
2023,12,17,18,2.22,37.18,0.0
2023,12,17,19,1.937,35.879,0.0
2023,12,17,20,2.178,37.506,0.0
2023,12,17,21,1.522,33.542,0.0
2023,12,17,22,1.442,37.605,0.0
2023,12,17,23,1.017,28.329,0.0
2023,12,18,0,1.204,29.332,0.0
2023,12,18,1,1.769,41.734,0.0
2023,12,18,2,2.398,34.883,0.0
2023,12,18,3,1.626,41.509,0.0
2023,12,18,4,0.519,238.121,0.0
2023,12,18,5,3.304,223.682,0.0
2023,12,18,6,2.871,227.317,0.0
2023,12,18,7,2.696,238.711,0.0
2023,12,18,8,2.272,233.803,0.0
2023,12,18,9,2.633,240.311,0.0
2023,12,18,10,3.013,237.699,0.0
2023,12,18,11,3.452,235.416,0.0
2023,12,18,12,3.513,236.378,0.0
2023,12,18,13,3.718,226.762,0.0
2023,12,18,14,3.659,230.833,0.0
2023,12,18,15,3.647,235.276,0.0
2023,12,18,16,3.169,227.712,0.0
2023,12,18,17,3.3,229.281,0.0
2023,12,18,18,3.288,230.873,0.0
2023,12,18,19,3.384,235.12,0.0
2023,12,18,20,3.92,222.839,0.0
2023,12,18,21,3.163,225.715,0.0
2023,12,18,22,3.13,227.072,0.0
2023,12,18,23,3.2,223.396,0.0
2023,12,19,0,2.386,234.151,0.0
2023,12,19,1,2.189,225.123,0.0
2023,12,19,2,3.48,223.777,0.0
2023,12,19,3,3.439,225.569,0.0
2023,12,19,4,2.856,233.973,0.0
2023,12,19,5,3.104,227.426,0.0
2023,12,19,6,2.394,232.54,0.0
2023,12,19,7,2.272,234.887,0.0
2023,12,19,8,2.661,229.19,0.0
2023,12,19,9,2.379,249.369,0.0
2023,12,19,10,2.439,255.736,0.0
2023,12,19,11,1.865,235.855,0.0
2023,12,19,12,2.25,234.815,0.0
2023,12,19,13,2.167,235.558,0.0
2023,12,19,14,1.195,233.538,0.0
2023,12,19,15,0.976,229.499,0.0
2023,12,19,16,1.57,240.591,0.0
2023,12,19,17,0.958,270.149,0.0
2023,12,19,18,0.569,34.552,0.0
2023,12,19,19,0.489,263.25,0.0
2023,12,19,20,0.823,268.491,0.0
2023,12,19,21,0.494,318.696,0.0
2023,12,19,22,0.616,62.707,0.0
2023,12,19,23,0.786,350.847,0.0
2023,12,20,0,0.632,340.036,0.0
2023,12,20,1,0.722,326.824,0.0
2023,12,20,2,0.934,0.409,0.0
2023,12,20,3,1.065,1.569,0.0
2023,12,20,4,1.311,13.683,0.0
2023,12,20,5,1.198,11.435,0.0
2023,12,20,6,1.497,31.292,0.0
2023,12,20,7,1.525,42.941,0.0
2023,12,20,8,1.538,54.737,0.0
2023,12,20,9,2.355,57.941,0.0
2023,12,20,10,1.721,66.091,0.0
2023,12,20,11,2.23,74.105,0.0
2023,12,20,12,1.895,59.015,0.0
2023,12,20,13,1.879,53.405,0.0
2023,12,20,14,1.349,59.698,0.0
2023,12,20,15,0.976,99.736,0.0
2023,12,20,16,0.868,251.93,0.0
2023,12,20,17,1.115,249.208,0.0
2023,12,20,18,0.656,247.477,0.0
2023,12,20,19,1.542,243.075,0.0
2023,12,20,20,1.625,243.961,0.0
2023,12,20,21,2.273,232.088,0.0
2023,12,20,22,2.503,227.132,0.0
2023,12,20,23,2.918,221.26,0.952
2023,12,21,0,2.683,240.657,2.448
2023,12,21,1,2.041,241.593,0.0
2023,12,21,2,2.276,248.22,0.0
2023,12,21,3,2.576,237.564,0.11900000000000001
2023,12,21,4,2.551,233.796,0.544
2023,12,21,5,2.949,228.069,0.49300000000000005
2023,12,21,6,2.638,235.165,1.224
2023,12,21,7,2.393,240.087,2.499
2023,12,21,8,2.358,240.155,1.462
2023,12,21,9,2.471,232.771,0.34
2023,12,21,10,2.307,242.111,0.0
2023,12,21,11,2.827,235.982,0.5780000000000001
2023,12,21,12,3.328,233.185,0.646
2023,12,21,13,3.273,230.88,0.08499999999999999
2023,12,21,14,2.99,226.536,0.0
2023,12,21,15,3.286,232.502,0.0
2023,12,21,16,3.193,225.476,0.0
2023,12,21,17,3.13,230.823,0.0
2023,12,21,18,2.881,230.646,0.0
2023,12,21,19,2.437,222.658,0.0
2023,12,21,20,1.837,224.026,0.0
2023,12,21,21,1.859,225.872,0.0
2023,12,21,22,2.027,226.5,0.0
2023,12,21,23,1.659,228.075,0.0
2023,12,22,0,1.709,232.968,0.0
2023,12,22,1,1.416,250.861,0.0
2023,12,22,2,1.28,237.2,0.0
2023,12,22,3,1.247,243.024,0.0
2023,12,22,4,1.243,221.468,0.0
2023,12,22,5,0.943,246.469,0.0
2023,12,22,6,0.923,235.22,0.0
2023,12,22,7,1.006,251.645,0.0
2023,12,22,8,0.31,158.056,0.0
2023,12,22,9,1.623,117.697,0.0
2023,12,22,10,1.831,99.428,0.0
2023,12,22,11,2.028,91.719,0.0
2023,12,22,12,2.197,80.702,0.0
2023,12,22,13,1.54,69.741,0.0
2023,12,22,14,1.597,57.811,0.0
2023,12,22,15,1.482,49.241,0.0
2023,12,22,16,1.534,38.072,0.0
2023,12,22,17,2.307,38.96,0.0
2023,12,22,18,1.886,40.7,0.0
2023,12,22,19,2.047,40.857,0.0
2023,12,22,20,1.286,38.926,0.0
2023,12,22,21,0.27,15.751,0.0
2023,12,22,22,0.508,26.481,0.0
2023,12,22,23,0.768,11.895,0.0
2023,12,23,0,1.002,44.596,0.0
2023,12,23,1,0.932,40.396,0.0
2023,12,23,2,1.94,37.672,0.0
2023,12,23,3,2.633,35.455,0.0
2023,12,23,4,2.125,37.301,0.0
2023,12,23,5,2.633,35.586,0.0
2023,12,23,6,2.199,40.804,0.0
2023,12,23,7,2.865,35.123,0.0
2023,12,23,8,2.964,36.712,0.0
2023,12,23,9,1.931,45.804,0.0
2023,12,23,10,1.779,42.703,0.0
2023,12,23,11,2.136,40.807,0.0
2023,12,23,12,2.179,50.385,0.0
2023,12,23,13,2.112,50.539,0.0
2023,12,23,14,1.9,60.86,0.0
2023,12,23,15,1.896,49.975,0.0
2023,12,23,16,1.887,42.781,0.0
2023,12,23,17,1.613,36.852,0.0
2023,12,23,18,1.333,54.083,0.0
2023,12,23,19,1.268,48.01,0.0
2023,12,23,20,0.342,80.882,0.0
2023,12,23,21,1.891,248.889,0.0
2023,12,23,22,2.469,242.059,0.595
2023,12,23,23,1.697,249.411,0.0
2023,12,24,0,0.55,127.495,0.10200000000000001
2023,12,24,1,0.967,258.922,0.0
2023,12,24,2,0.922,264.037,0.0
2023,12,24,3,1.048,259.557,0.0
2023,12,24,4,0.333,329.012,0.0
2023,12,24,5,1.464,9.602,0.0
2023,12,24,6,1.419,25.767,0.0
2023,12,24,7,1.148,63.714,0.0
2023,12,24,8,1.625,61.411,0.0
2023,12,24,9,2.463,41.749,0.0
2023,12,24,10,2.992,35.82,0.0
2023,12,24,11,0.949,9.198,0.0
2023,12,24,12,3.894,231.595,0.0
2023,12,24,13,3.163,235.942,0.0
2023,12,24,14,1.442,225.398,0.0
2023,12,24,15,1.015,252.175,0.0
2023,12,24,16,1.998,235.363,0.0
2023,12,24,17,2.692,238.689,0.0
2023,12,24,18,3.103,237.97,0.0
2023,12,24,19,3.515,238.643,0.0
2023,12,24,20,4.147,228.649,0.0
2023,12,24,21,4.278,223.508,0.0
2023,12,24,22,2.952,236.678,0.0
2023,12,24,23,1.78,259.016,0.0
2023,12,25,0,0.78,18.9,0.0
2023,12,25,1,0.783,42.155,0.0
2023,12,25,2,0.268,108.322,0.0
2023,12,25,3,0.627,93.961,0.15300000000000002
2023,12,25,4,0.656,262.992,0.0
2023,12,25,5,0.932,267.283,0.0
2023,12,25,6,1.139,254.988,0.0
2023,12,25,7,1.161,243.159,0.0
2023,12,25,8,1.547,244.208,0.0
2023,12,25,9,1.638,239.391,0.0
2023,12,25,10,1.579,245.058,0.0
2023,12,25,11,1.884,236.837,0.0
2023,12,25,12,1.64,218.955,0.0
2023,12,25,13,1.351,222.25,0.0
2023,12,25,14,1.034,134.466,0.0
2023,12,25,15,1.214,114.49,0.0
2023,12,25,16,0.872,113.479,0.0
2023,12,25,17,1.274,71.707,0.0
2023,12,25,18,1.404,103.03,0.0
2023,12,25,19,1.325,100.031,0.816
2023,12,25,20,1.194,121.649,0.034
2023,12,25,21,0.771,216.61,0.017
2023,12,25,22,2.709,237.664,0.017
2023,12,25,23,3.012,229.511,0.017
2023,12,26,0,2.949,225.824,0.034
2023,12,26,1,2.949,225.824,0.051000000000000004
2023,12,26,2,2.949,225.824,0.085
2023,12,26,3,2.949,225.824,0.051000000000000004
2023,12,26,4,2.949,225.824,0.051000000000000004
2023,12,26,5,2.949,225.824,0.051000000000000004
2023,12,26,6,2.949,225.824,0.017
2023,12,26,7,2.949,225.824,0.017
2023,12,26,8,2.949,225.824,0.017
2023,12,26,9,2.846,230.108,0.034
2023,12,26,10,2.677,229.242,0.085
2023,12,26,11,2.9,227.83,0.034
2023,12,26,12,2.552,228.972,0.051000000000000004
2023,12,26,13,2.245,233.241,0.034
2023,12,26,14,1.826,232.696,0.051000000000000004
2023,12,26,15,1.776,243.17,0.10200000000000001
2023,12,26,16,1.88,234.929,0.068
2023,12,26,17,1.578,246.047,0.068
2023,12,26,18,1.705,250.414,0.068
2023,12,26,19,1.281,253.322,0.034
2023,12,26,20,1.611,250.29,0.017
2023,12,26,21,1.64,249.999,0.034
2023,12,26,22,1.268,238.358,0.051000000000000004
2023,12,26,23,1.343,242.672,0.034
2023,12,27,0,1.503,245.992,0.017
2023,12,27,1,1.47,251.873,0.034
2023,12,27,2,1.431,254.19,0.034
2023,12,27,3,1.456,251.752,0.034
2023,12,27,4,1.052,265.866,0.034
2023,12,27,5,1.31,250.989,0.034
2023,12,27,6,1.093,239.898,0.034
2023,12,27,7,1.194,238.351,0.034
2023,12,27,8,1.296,263.131,0.085
2023,12,27,9,1.082,264.474,0.085
2023,12,27,10,0.244,221.958,0.15300000000000002
2023,12,27,11,1.218,81.659,0.17
2023,12,27,12,1.715,92.312,0.17
2023,12,27,13,1.385,97.886,0.136
2023,12,27,14,1.697,89.578,0.034
2023,12,27,15,1.133,54.849,0.017
2023,12,27,16,1.24,49.825,0.0
2023,12,27,17,1.922,84.403,0.0
2023,12,27,18,1.282,50.671,0.0
2023,12,27,19,1.271,31.325,0.0
2023,12,27,20,1.468,15.409,0.017
2023,12,27,21,1.578,0.635,0.0
2023,12,27,22,1.609,2.523,0.017
2023,12,27,23,0.812,289.606,0.0
2023,12,28,0,1.19,277.279,0.017
2023,12,28,1,1.165,268.607,0.0
2023,12,28,2,0.756,259.334,0.017
2023,12,28,3,0.749,266.491,0.017
2023,12,28,4,0.625,279.676,0.017
2023,12,28,5,0.651,41.11,0.0
2023,12,28,6,0.364,284.195,0.034
2023,12,28,7,0.267,297.125,0.051000000000000004
2023,12,28,8,1.242,71.176,0.051000000000000004
2023,12,28,9,2.263,83.233,0.068
2023,12,28,10,2.022,74.703,0.11900000000000001
2023,12,28,11,1.53,64.412,0.272
2023,12,28,12,1.275,72.655,0.23800000000000002
2023,12,28,13,1.022,60.006,0.15300000000000002
2023,12,28,14,1.105,5.93,0.17
2023,12,28,15,0.446,347.599,0.11900000000000001
2023,12,28,16,0.311,340.739,0.10200000000000001
2023,12,28,17,0.549,13.151,0.085
2023,12,28,18,0.302,359.683,0.051000000000000004
2023,12,28,19,0.45,275.953,0.051000000000000004
2023,12,28,20,0.79,263.273,0.051000000000000004
2023,12,28,21,1.24,59.73,0.034
2023,12,28,22,0.782,337.915,0.017
2023,12,28,23,0.955,254.933,0.017
2023,12,29,0,0.623,280.092,0.017
2023,12,29,1,0.52,305.218,0.034
2023,12,29,2,0.425,299.982,0.017
2023,12,29,3,0.904,3.435,0.017
2023,12,29,4,1.043,353.533,0.034
2023,12,29,5,1.478,13.104,0.034
2023,12,29,6,1.486,26.939,0.034
2023,12,29,7,2.42,59.09,0.034
2023,12,29,8,2.278,60.5,0.068
2023,12,29,9,2.418,60.564,0.15300000000000002
2023,12,29,10,2.548,52.924,0.17
2023,12,29,14,2.764,54.671,0.5780000000000001
2023,12,29,15,2.97,55.877,0.068
2023,12,29,16,2.925,53.502,0.051000000000000004
2023,12,29,17,2.759,52.573,0.034
2023,12,29,18,2.586,54.349,0.017
2023,12,29,19,2.471,51.035,0.017
2023,12,29,20,2.239,47.051,0.017
2023,12,29,21,2.683,52.23,0.017
2023,12,29,22,3.061,40.65,0.017
2023,12,29,23,2.636,33.092,0.0
2023,12,30,0,3.44,35.823,0.017
2023,12,30,1,3.179,36.666,0.0
2023,12,30,2,2.638,32.314,0.017
2023,12,30,3,3.492,35.825,0.0
2023,12,30,4,3.103,35.931,0.017
2023,12,30,5,3.107,36.24,0.0
2023,12,30,6,3.377,33.525,0.0
2023,12,30,7,2.271,44.544,0.017
2023,12,30,8,2.272,45.253,0.017
2023,12,30,9,3.229,54.453,0.017
2023,12,30,10,3.192,55.692,0.034
2023,12,30,11,2.829,58.454,0.051000000000000004
2023,12,30,12,3.16,58.347,0.034
2023,12,30,13,3.129,59.091,0.034
2023,12,30,14,3.654,55.752,0.0
2023,12,30,15,3.494,54.464,0.034
2023,12,30,16,2.726,47.763,0.017
2023,12,30,17,2.858,39.925,0.017
2023,12,30,18,2.632,42.613,0.0
2023,12,30,19,2.177,46.288,0.0
2023,12,30,20,2.483,43.042,0.017
2023,12,30,21,2.898,54.089,0.0
2023,12,30,22,2.128,50.401,0.0
2023,12,30,23,1.656,36.858,0.0
2023,12,31,0,1.599,45.844,0.017
2023,12,31,1,1.769,43.416,0.0
2023,12,31,2,2.059,17.261,0.0
2023,12,31,3,1.848,14.625,0.017
2023,12,31,4,1.064,45.73,0.0
2023,12,31,5,1.429,35.433,0.0
2023,12,31,6,1.983,35.935,0.0
2023,12,31,7,2.643,34.672,0.017
2023,12,31,8,2.562,36.001,0.0
2023,12,31,9,2.005,36.227,0.017
2023,12,31,10,2.482,53.272,0.0
2023,12,31,11,2.351,55.938,0.017
2023,12,31,12,2.131,57.653,0.0
2023,12,31,13,2.184,70.68,0.0
2023,12,31,14,1.992,60.389,0.0
2023,12,31,15,1.568,53.967,0.0
2023,12,31,16,0.847,16.038,0.0
2024,1,1,1,0.645,4.893,0.034
2024,1,1,2,0.504,294.02,0.017
2024,1,1,3,0.504,294.02,0.0
2024,1,1,4,1.419,234.106,0.017
2024,1,1,5,1.61,228.421,0.0
2024,1,1,6,1.876,232.743,0.0
2024,1,1,7,2.73,238.326,0.017
2024,1,1,8,3.079,245.349,0.0
2024,1,1,9,2.062,240.462,0.017
2024,1,1,10,0.829,220.731,0.017
2024,1,1,11,0.307,167.775,0.017
2024,1,1,12,0.713,112.486,0.017
2024,1,1,13,0.713,167.246,0.0
2024,1,1,14,1.208,122.046,0.017
2024,1,1,15,1.314,58.569,0.017
2024,1,1,16,1.517,91.762,0.0
2024,1,1,17,1.866,107.488,0.0
2024,1,1,18,1.98,112.227,0.017
2024,1,1,19,2.034,109.452,0.0
2024,1,1,20,1.912,116.085,0.0
2024,1,1,21,2.017,113.345,0.017
2024,1,1,22,1.515,107.019,0.0
2024,1,1,23,1.625,124.472,0.0
2024,1,2,0,1.042,240.443,0.0
2024,1,2,1,1.265,105.748,0.017
2024,1,2,2,2.106,102.524,0.0
2024,1,2,3,2.013,105.434,0.0
2024,1,2,4,2.196,102.824,0.017
2024,1,2,5,1.779,90.376,0.0
2024,1,2,6,1.121,77.679,0.0
2024,1,2,7,0.751,87.138,0.017
2024,1,2,8,0.871,39.918,0.0
2024,1,2,9,1.708,36.909,0.0
2024,1,2,10,1.853,14.252,0.0
2024,1,2,11,1.828,32.088,0.017
2024,1,2,12,1.897,39.74,0.017
2024,1,2,13,1.955,65.204,0.0
2024,1,2,14,2.035,70.408,0.017
2024,1,2,15,2.091,59.643,0.0
2024,1,2,16,1.963,53.475,0.0
2024,1,2,17,1.679,46.548,0.017
2024,1,2,18,1.507,44.328,0.0
2024,1,2,19,1.57,36.17,0.0
2024,1,2,20,1.553,40.408,0.0
2024,1,2,21,1.727,16.975,0.017
2024,1,2,22,1.712,17.685,0.0
2024,1,2,23,1.578,8.442,0.0
2024,1,3,0,1.849,18.361,0.0
2024,1,3,1,2.073,26.658,0.0
2024,1,3,2,1.945,23.237,0.0
2024,1,3,3,1.713,22.485,0.0
2024,1,3,4,1.631,29.131,0.017
2024,1,3,5,1.855,34.918,0.0
2024,1,3,6,1.853,26.242,0.0
2024,1,3,7,2.014,28.113,0.0
2024,1,3,8,1.959,35.164,0.0
2024,1,3,9,1.766,40.767,0.0
2024,1,3,10,1.928,54.552,0.0
2024,1,3,11,2.074,55.991,0.0
2024,1,3,12,1.926,59.895,0.0
2024,1,3,13,1.814,73.071,0.0
2024,1,3,14,1.691,81.439,0.0
2024,1,3,15,1.882,79.846,0.0
2024,1,3,16,1.411,72.828,0.0
2024,1,3,17,1.105,70.718,0.0
2024,1,3,18,0.919,20.653,0.0
2024,1,3,19,0.802,53.368,0.0
2024,1,3,20,1.373,48.199,0.0
2024,1,3,21,1.208,39.401,0.0
2024,1,3,22,1.596,34.877,0.0
2024,1,3,23,1.145,42.551,0.017
2024,1,4,0,1.557,20.025,0.0
2024,1,4,1,1.167,11.912,0.0
2024,1,4,2,0.937,23.694,0.0
2024,1,4,3,0.742,278.531,0.0
2024,1,4,4,1.063,264.757,0.0
2024,1,4,9,1.465,15.992,0.0
2024,1,4,10,1.346,27.835,0.0
2024,1,4,11,1.348,77.544,0.0
2024,1,4,12,1.728,88.066,0.0
2024,1,4,13,1.696,92.252,0.0
2024,1,4,14,1.435,122.139,0.017
2024,1,4,15,1.198,142.118,0.0
2024,1,4,16,1.476,120.431,0.0
2024,1,4,17,1.377,106.922,0.0
2024,1,4,18,1.627,102.484,0.0
2024,1,4,19,1.545,99.218,0.0
2024,1,4,20,1.169,95.357,0.0
2024,1,4,21,1.078,88.272,0.0
2024,1,4,22,1.06,79.167,0.0
2024,1,4,23,0.831,61.353,0.0
2024,1,5,0,0.888,20.902,0.0
2024,1,5,1,1.079,11.588,0.0
2024,1,5,2,1.222,14.491,0.0
2024,1,5,3,1.032,23.168,0.0
2024,1,5,4,1.271,27.993,0.0
2024,1,5,5,1.094,36.634,0.0
2024,1,5,6,1.48,37.083,0.0
2024,1,5,7,2.413,36.814,0.0
2024,1,5,8,2.929,35.354,0.0
2024,1,5,9,2.59,38.835,0.0
2024,1,5,10,2.49,57.421,0.0
2024,1,5,11,2.63,60.413,0.0
2024,1,5,12,2.216,61.69,0.0
2024,1,5,13,2.152,67.119,0.0
2024,1,5,14,2.463,56.901,0.0
2024,1,5,15,2.181,60.193,0.0
2024,1,5,16,2.081,53.598,0.0
2024,1,5,17,1.827,48.273,0.0
2024,1,5,18,1.647,44.303,0.0
2024,1,5,19,2.473,35.372,0.0
2024,1,5,20,2.001,36.464,0.0
2024,1,5,21,1.791,30.347,0.0
2024,1,5,22,2.551,37.154,0.0
2024,1,5,23,2.963,37.044,0.0
2024,1,6,0,3.337,34.674,0.0
2024,1,6,1,2.466,25.249,0.0
2024,1,6,2,2.518,29.594,0.0
2024,1,6,3,3.12,36.025,0.0
2024,1,6,4,2.995,35.441,0.0
2024,1,6,5,2.92,31.508,0.0
2024,1,6,6,2.459,29.372,0.0
2024,1,6,7,2.904,33.982,0.0
2024,1,6,8,3.156,34.957,0.0
2024,1,6,9,2.433,35.269,0.0
2024,1,6,10,1.815,35.602,0.0
2024,1,6,11,1.906,53.982,0.0
2024,1,6,12,1.724,47.214,0.0
2024,1,6,13,2.662,38.366,0.0
2024,1,6,14,2.904,37.363,0.0
2024,1,6,15,2.852,35.798,0.0
2024,1,6,16,2.782,38.641,0.0
2024,1,6,17,2.384,40.365,0.0
2024,1,6,18,1.827,20.78,0.0
2024,1,6,19,1.572,16.955,0.0
2024,1,6,20,1.473,27.537,0.0
2024,1,6,21,1.663,36.439,0.0
2024,1,6,22,1.143,40.298,0.0
2024,1,6,23,1.01,35.093,0.0
2024,1,7,0,0.599,69.901,0.0
2024,1,7,1,0.446,52.059,0.0
2024,1,7,2,0.274,130.923,0.0
2024,1,7,3,0.98,254.664,0.0
2024,1,7,4,2.355,229.865,0.0
2024,1,7,5,2.674,228.386,0.0
2024,1,7,6,2.503,229.159,0.0
2024,1,7,7,2.549,223.066,0.0
2024,1,7,8,2.365,226.042,0.0
2024,1,7,9,2.308,234.359,0.0
2024,1,7,10,2.39,240.486,0.0
2024,1,7,11,2.389,235.329,0.0
2024,1,7,12,2.246,229.62,0.0
2024,1,7,13,2.412,233.261,0.0
2024,1,7,14,2.353,239.857,0.0
2024,1,7,15,2.755,228.974,0.0
2024,1,7,16,2.994,229.923,0.0
2024,1,7,17,3.454,232.746,0.0
2024,1,7,18,2.897,229.69,0.0
2024,1,7,19,2.048,237.092,0.0
2024,1,7,20,1.998,236.171,0.0
2024,1,7,21,2.79,233.599,0.0
2024,1,7,22,2.784,230.003,0.0
2024,1,7,23,2.582,229.292,0.0
2024,1,8,0,2.882,225.89,0.0
2024,1,8,1,2.794,230.494,0.0
2024,1,8,2,2.415,232.402,0.0
2024,1,8,3,2.137,222.344,0.0
2024,1,8,4,2.02,223.027,0.0
2024,1,8,5,1.559,240.229,0.0
2024,1,8,6,2.077,235.232,0.0
2024,1,8,7,1.899,241.253,0.0
2024,1,8,8,2.04,236.174,0.0
2024,1,8,9,2.067,247.208,0.0
2024,1,8,10,2.245,228.28,0.0
2024,1,8,11,2.295,239.664,0.0
2024,1,8,12,1.817,221.802,0.0
2024,1,8,13,1.827,204.805,0.0
2024,1,8,14,2.024,231.837,0.0
2024,1,8,15,2.779,234.465,0.0
2024,1,8,16,2.848,231.366,0.0
2024,1,8,17,3.089,238.618,0.0
2024,1,8,18,3.311,235.282,0.0
2024,1,8,19,3.189,236.337,3.23
2024,1,8,20,2.936,256.508,0.22100000000000003
2024,1,8,21,2.936,256.508,0.085
2024,1,8,22,2.936,256.508,0.017
2024,1,8,23,2.936,256.508,0.017
2024,1,9,0,2.936,256.508,0.017
2024,1,9,1,2.936,256.508,0.0
2024,1,9,2,2.936,256.508,0.017
2024,1,9,3,2.936,256.508,0.0
2024,1,9,4,2.936,256.508,0.017
2024,1,9,5,1.648,254.361,0.0
2024,1,9,6,1.283,240.472,0.017
2024,1,9,7,1.835,232.193,0.0
2024,1,9,8,2.637,236.405,0.0
2024,1,9,9,2.297,238.316,0.017
2024,1,9,10,2.289,237.548,0.0
2024,1,9,11,1.838,232.366,0.0
2024,1,9,12,1.824,225.333,0.0
2024,1,9,13,2.158,240.991,0.0
2024,1,9,14,1.375,210.714,0.0
2024,1,9,15,1.079,220.395,0.0
2024,1,9,16,1.251,130.92,0.0
2024,1,9,17,1.449,114.496,0.0
2024,1,9,18,1.097,120.482,0.0
2024,1,9,19,0.916,108.989,0.0
2024,1,9,20,0.891,110.826,0.0
2024,1,9,21,0.785,102.192,0.0
2024,1,9,22,0.194,121.065,0.0
2024,1,10,6,0.373,14.239,0.017
2024,1,10,7,0.639,53.533,0.0
2024,1,10,8,1.046,78.789,0.0
2024,1,10,9,1.154,82.66,0.0
2024,1,10,10,1.578,50.357,0.0
2024,1,10,11,1.825,50.932,0.0
2024,1,10,12,2.556,37.636,0.0
2024,1,10,13,2.81,37.941,0.0
2024,1,10,14,2.819,35.057,0.0
2024,1,10,15,2.958,37.745,0.0
2024,1,10,16,2.403,37.76,0.0
2024,1,10,17,2.032,45.249,0.0
2024,1,10,18,2.439,55.496,0.0
2024,1,10,19,2.002,45.472,0.0
2024,1,10,20,2.087,58.538,0.0
2024,1,10,21,1.426,45.521,0.017
2024,1,10,22,1.303,51.1,0.0
2024,1,10,23,1.051,247.583,0.0
2024,1,11,0,4.007,238.144,0.0
2024,1,11,1,3.389,234.512,0.0
2024,1,11,2,2.546,238.177,0.0
2024,1,11,3,2.589,232.415,0.0
2024,1,11,4,1.927,232.768,0.0
2024,1,11,5,1.96,237.202,0.0
2024,1,11,6,1.568,247.961,0.0
2024,1,11,7,1.444,253.814,0.0
2024,1,11,8,1.437,241.756,0.0
2024,1,11,9,1.424,235.203,0.017
2024,1,11,10,1.223,244.832,0.0
2024,1,11,11,1.199,197.893,0.0
2024,1,11,12,1.44,189.457,0.0
2024,1,11,13,1.51,156.009,0.0
2024,1,11,14,1.926,126.255,0.0
2024,1,11,15,1.852,126.896,0.0
2024,1,11,16,1.798,127.412,0.0
2024,1,11,17,1.49,113.611,0.0
2024,1,11,18,1.393,113.199,0.0
2024,1,11,19,1.644,108.388,0.0
2024,1,11,20,1.097,98.226,0.0
2024,1,11,21,1.466,114.366,0.0
2024,1,11,22,0.985,102.308,0.0
2024,1,11,23,0.691,68.199,0.0
2024,1,12,0,0.507,69.301,0.0
2024,1,12,1,1.259,243.215,0.0
2024,1,12,2,0.414,262.718,0.0
2024,1,12,3,0.681,235.065,0.0
2024,1,12,4,0.894,253.424,0.0
2024,1,12,5,0.898,248.959,0.0
2024,1,12,6,0.925,247.154,0.0
2024,1,12,7,1.033,43.53,0.0
2024,1,12,8,1.319,31.16,0.0
2024,1,12,9,1.483,53.13,0.0
2024,1,12,10,1.719,80.035,0.0
2024,1,12,11,1.687,85.495,0.0
2024,1,12,12,1.703,87.335,0.0
2024,1,12,13,1.964,100.49,0.0
2024,1,12,14,1.678,96.79,0.0
2024,1,12,15,1.572,106.196,0.0
2024,1,12,16,0.709,104.836,0.0
2024,1,12,17,0.703,247.978,0.0
2024,1,12,18,0.422,180.793,0.0
2024,1,12,19,0.385,92.317,0.0
2024,1,12,20,0.34,282.879,0.0
2024,1,12,21,0.999,239.52,0.0
2024,1,12,22,1.067,253.489,0.0
2024,1,12,23,0.836,264.221,0.0
2024,1,13,0,0.93,246.835,0.0
2024,1,13,1,0.982,244.719,0.0
2024,1,13,2,0.859,257.465,0.0
2024,1,13,3,0.716,260.286,0.0
2024,1,13,4,0.744,265.892,0.0
2024,1,13,5,0.767,254.046,0.0
2024,1,13,6,0.883,255.347,0.0
2024,1,13,7,0.402,238.486,0.0
2024,1,13,8,0.871,80.529,0.0
2024,1,13,9,1.423,75.451,0.0
2024,1,13,10,1.703,94.773,0.0
2024,1,13,11,1.824,102.424,0.0
2024,1,13,12,1.706,95.466,0.0
2024,1,13,13,1.377,114.61,0.0
2024,1,13,14,1.77,108.674,0.0
2024,1,13,15,1.644,105.734,0.0
2024,1,13,16,1.566,108.204,0.0
2024,1,13,17,1.546,112.501,0.0
2024,1,13,18,1.88,112.551,0.0
2024,1,13,19,1.859,112.784,0.0
2024,1,13,20,2.589,122.631,0.0
2024,1,13,21,1.166,190.796,0.0
2024,1,13,22,1.574,265.992,0.0
2024,1,13,23,1.358,287.79,0.0
2024,1,14,0,1.084,323.817,0.0
2024,1,14,1,1.576,336.308,0.0
2024,1,14,2,1.279,274.336,0.0
2024,1,14,3,0.57,231.589,0.0
2024,1,14,4,1.082,253.812,0.017
2024,1,14,5,0.74,252.708,0.0
2024,1,14,6,0.6,271.991,0.017
2024,1,14,7,0.482,30.42,0.0
2024,1,14,8,1.612,35.383,0.017
2024,1,14,9,1.878,41.978,0.0
2024,1,14,10,1.939,80.752,0.017
2024,1,14,11,2.301,80.22,0.0
2024,1,14,12,2.157,70.949,0.0
2024,1,14,13,2.295,57.816,0.0
2024,1,14,14,2.394,57.306,0.0
2024,1,14,15,1.763,54.251,0.0
2024,1,14,16,1.863,57.049,0.0
2024,1,14,17,1.754,59.377,0.0
2024,1,14,18,1.694,64.418,0.0
2024,1,14,19,1.387,86.729,0.0
2024,1,14,20,1.85,82.651,0.0
2024,1,14,21,1.943,71.596,0.0
2024,1,14,22,2.165,63.159,0.0
2024,1,14,23,2.115,31.593,0.0
2024,1,15,0,1.057,256.555,0.0
2024,1,15,1,0.386,260.293,0.0
2024,1,15,2,1.08,250.614,0.0
2024,1,15,3,0.98,254.617,0.0
2024,1,15,4,1.223,258.047,0.0
2024,1,15,5,0.954,258.916,0.0
2024,1,15,6,1.285,255.585,0.0
2024,1,15,7,1.412,255.89,0.0
2024,1,15,8,1.541,245.971,0.0
2024,1,15,9,1.87,242.647,0.0
2024,1,15,10,2.904,238.207,0.0
2024,1,15,11,3.595,240.232,0.0
2024,1,15,12,3.941,225.223,0.0
2024,1,15,13,4.375,238.078,0.0
2024,1,15,14,4.405,237.501,0.0
2024,1,15,15,4.413,226.411,0.0
2024,1,15,16,4.546,233.407,0.0
2024,1,15,17,4.469,236.263,0.0
2024,1,15,18,3.694,228.145,0.0
2024,1,15,19,3.547,236.5,0.0
2024,1,15,20,3.14,231.032,0.0
2024,1,15,21,2.921,228.69,0.0
2024,1,15,22,2.713,231.937,0.0
2024,1,15,23,2.484,227.693,0.0
2024,1,16,0,1.959,239.191,0.0
2024,1,16,1,1.895,241.271,0.0
2024,1,16,2,1.873,236.742,0.0
2024,1,16,3,1.573,251.565,0.0
2024,1,16,4,1.512,256.324,0.0
2024,1,16,5,1.643,256.57,0.0
2024,1,16,6,1.619,259.413,0.0
2024,1,16,7,1.36,258.976,0.0
2024,1,16,8,0.615,117.364,0.0
2024,1,16,9,1.543,121.08,0.0
2024,1,16,10,1.635,100.869,0.0
2024,1,16,11,1.954,97.152,0.0
2024,1,16,12,2.302,98.01,0.0
2024,1,16,13,2.1,99.503,0.0
2024,1,16,14,2.278,98.18,0.0
2024,1,16,15,1.878,93.562,0.0
2024,1,16,16,1.859,93.495,0.0
2024,1,16,17,1.072,77.79,0.0
2024,1,16,18,0.478,86.505,0.0
2024,1,16,19,1.028,88.653,0.0
2024,1,16,20,0.955,32.164,0.0
2024,1,16,21,0.983,333.37,0.0
2024,1,16,22,1.922,5.224,0.0
2024,1,16,23,0.999,278.103,0.0
2024,1,17,0,0.531,301.272,0.0
2024,1,17,1,0.627,342.119,0.0
2024,1,17,2,0.58,323.624,0.0
2024,1,17,3,1.082,49.844,0.0
2024,1,17,4,0.918,247.204,0.0
2024,1,17,5,1.524,234.615,0.0
2024,1,17,6,1.642,239.335,0.0
2024,1,17,7,1.581,244.083,0.0
2024,1,17,8,1.781,252.184,0.0
2024,1,17,9,1.306,241.947,0.0
2024,1,17,10,1.185,108.116,0.0
2024,1,17,11,1.082,172.744,0.0
2024,1,17,12,1.268,212.333,0.0
2024,1,17,13,1.823,160.919,0.0
2024,1,17,14,2.224,150.255,0.0
2024,1,17,15,2.907,229.662,0.0
2024,1,17,16,2.861,231.528,0.0
2024,1,17,17,2.754,231.202,0.0
2024,1,17,18,2.292,236.506,0.0
2024,1,17,19,2.039,230.722,0.0
2024,1,17,20,2.144,241.382,0.0
2024,1,17,21,1.93,246.103,0.0
2024,1,17,22,1.913,239.524,0.0
2024,1,17,23,2.402,235.229,0.0
2024,1,18,0,2.216,245.421,0.0
2024,1,18,1,2.187,243.62,0.0
2024,1,18,2,1.848,241.884,0.0
2024,1,18,3,1.89,269.091,0.0
2024,1,18,3,4.171,233.402,3.688
2024,1,18,4,4.547,232.974,3.875
2024,1,18,5,4.591,232.434,4.125
2024,1,18,6,4.709,229.936,4.438
2024,1,18,7,4.99,212.786,5.062
2024,1,18,8,5.931,201.326,6.062
2024,1,18,9,6.344,195.094,6.938
2024,1,18,10,5.949,186.98,7.625
2024,1,18,11,6.32,179.121,8.188
2024,1,18,12,6.217,175.369,8.688
2024,1,18,13,5.579,175.157,9.125
2024,1,18,14,4.849,177.506,9.25
2024,1,18,15,4.385,184.565,9.25
2024,1,18,16,4.178,191.122,9.312
2024,1,18,17,4.368,190.06,9.312
2024,1,18,18,3.709,193.598,9.375
2024,1,18,19,3.499,197.171,9.438
2024,1,18,20,3.018,210.84,0.0
2024,1,18,21,2.804,204.801,0.438
2024,1,18,22,2.325,217.486,1.375
2024,1,18,23,4.287,211.784,3.0
2024,1,19,0,4.099,237.787,3.375
2024,1,19,1,3.822,239.309,3.438
2024,1,19,2,4.236,241.644,3.5
2024,1,19,3,4.171,233.402,3.688
2024,1,19,4,4.547,232.974,3.875
2024,1,19,5,4.591,232.434,4.125
2024,1,19,6,4.709,229.936,4.438
2024,1,19,7,4.99,212.786,5.062
2024,1,19,8,5.931,201.326,6.062
2024,1,19,9,6.344,195.094,6.938
2024,1,19,10,5.949,186.98,7.625
2024,1,19,11,6.32,179.121,8.188
2024,1,19,12,6.217,175.369,8.688
2024,1,19,13,5.579,175.157,9.125
2024,1,19,14,4.849,177.506,9.25
2024,1,19,15,4.385,184.565,9.25
2024,1,19,16,4.178,191.122,9.312
2024,1,19,17,4.368,190.06,9.312
2024,1,19,18,3.709,193.598,9.375
2024,1,19,19,3.499,197.171,9.438
2024,1,19,20,3.018,210.84,0.0
2024,1,19,21,2.804,204.801,0.438
2024,1,19,22,2.325,217.486,1.375
2024,1,19,23,4.287,211.784,3.0
2024,1,20,0,4.099,237.787,3.375
2024,1,20,1,3.822,239.309,3.438
2024,1,20,2,4.236,241.644,3.5
