year,month,day,hour,point,ushaka,south,north,pirates,country club
2023,1,26,9,-9,-9,-9,-9,-9,-9
2023,1,26,10,-9,-9,-9,-9,-9,-9
2023,1,26,11,-9,-9,-9,-9,-9,-9
2023,1,26,12,187,108,201,130,555,512
2023,1,26,13,-9,-9,-9,-9,-9,-9
2023,1,26,14,-9,-9,-9,-9,-9,-9
2023,1,26,15,-9,-9,-9,-9,-9,-9
2023,1,26,16,-9,-9,-9,-9,-9,-9
2023,1,26,17,-9,-9,-9,-9,-9,-9
2023,1,26,18,-9,-9,-9,-9,-9,-9
2023,1,26,19,-9,-9,-9,-9,-9,-9
2023,1,26,20,-9,-9,-9,-9,-9,-9
2023,1,26,21,-9,-9,-9,-9,-9,-9
2023,1,26,22,-9,-9,-9,-9,-9,-9
2023,1,26,23,-9,-9,-9,-9,-9,-9
2023,1,27,0,-9,-9,-9,-9,-9,-9
2023,1,27,1,-9,-9,-9,-9,-9,-9
2023,1,27,2,-9,-9,-9,-9,-9,-9
2023,1,27,3,-9,-9,-9,-9,-9,-9
2023,1,27,4,-9,-9,-9,-9,-9,-9
2023,1,27,5,-9,-9,-9,-9,-9,-9
2023,1,27,6,-9,-9,-9,-9,-9,-9
2023,1,27,7,-9,-9,-9,-9,-9,-9
2023,1,27,8,-9,-9,-9,-9,-9,-9
2023,1,27,9,-9,-9,-9,-9,-9,-9
2023,1,27,10,-9,-9,-9,-9,-9,-9
2023,1,27,11,-9,-9,-9,-9,-9,-9
2023,1,27,12,-9,-9,-9,-9,-9,-9
2023,1,27,13,-9,-9,-9,-9,-9,-9
2023,1,27,14,-9,-9,-9,-9,-9,-9
2023,1,27,15,-9,-9,-9,-9,-9,-9
2023,1,27,16,-9,-9,-9,-9,-9,-9
2023,1,27,17,-9,-9,-9,-9,-9,-9
2023,1,27,18,-9,-9,-9,-9,-9,-9
2023,1,27,19,-9,-9,-9,-9,-9,-9
2023,1,27,20,-9,-9,-9,-9,-9,-9
2023,1,27,21,-9,-9,-9,-9,-9,-9
2023,1,27,22,-9,-9,-9,-9,-9,-9
2023,1,27,23,-9,-9,-9,-9,-9,-9
2023,1,28,0,-9,-9,-9,-9,-9,-9
2023,1,28,1,-9,-9,-9,-9,-9,-9
2023,1,28,2,-9,-9,-9,-9,-9,-9
2023,1,28,3,-9,-9,-9,-9,-9,-9
2023,1,28,4,-9,-9,-9,-9,-9,-9
2023,1,28,5,-9,-9,-9,-9,-9,-9
2023,1,28,6,-9,-9,-9,-9,-9,-9
2023,1,28,7,-9,-9,-9,-9,-9,-9
2023,1,28,8,-9,-9,-9,-9,-9,-9
2023,1,28,9,-9,-9,-9,-9,-9,-9
2023,1,28,10,-9,-9,-9,-9,-9,-9
2023,1,28,11,-9,-9,-9,-9,-9,-9
2023,1,28,12,-9,-9,-9,-9,-9,-9
2023,1,28,13,-9,-9,-9,-9,-9,-9
2023,1,28,14,-9,-9,-9,-9,-9,-9
2023,1,28,15,-9,-9,-9,-9,-9,-9
2023,1,28,16,-9,-9,-9,-9,-9,-9
2023,1,28,17,-9,-9,-9,-9,-9,-9
2023,1,28,18,-9,-9,-9,-9,-9,-9
2023,1,28,19,-9,-9,-9,-9,-9,-9
2023,1,28,20,-9,-9,-9,-9,-9,-9
2023,1,28,21,-9,-9,-9,-9,-9,-9
2023,1,28,22,-9,-9,-9,-9,-9,-9
2023,1,28,23,-9,-9,-9,-9,-9,-9
2023,1,29,0,-9,-9,-9,-9,-9,-9
2023,1,29,1,-9,-9,-9,-9,-9,-9
2023,1,29,2,-9,-9,-9,-9,-9,-9
2023,1,29,3,-9,-9,-9,-9,-9,-9
2023,1,29,4,-9,-9,-9,-9,-9,-9
2023,1,29,5,-9,-9,-9,-9,-9,-9
2023,1,29,6,-9,-9,-9,-9,-9,-9
2023,1,29,7,-9,-9,-9,-9,-9,-9
2023,1,29,8,-9,-9,-9,-9,-9,-9
2023,1,29,9,-9,-9,-9,-9,-9,-9
2023,1,29,10,-9,-9,-9,-9,-9,-9
2023,1,29,11,-9,-9,-9,-9,-9,-9
2023,1,29,12,-9,-9,-9,-9,-9,-9
2023,1,29,13,-9,-9,-9,-9,-9,-9
2023,1,29,14,-9,-9,-9,-9,-9,-9
2023,1,29,15,-9,-9,-9,-9,-9,-9
2023,1,29,16,-9,-9,-9,-9,-9,-9
2023,1,29,17,-9,-9,-9,-9,-9,-9
2023,1,29,18,-9,-9,-9,-9,-9,-9
2023,1,29,19,-9,-9,-9,-9,-9,-9
2023,1,29,20,-9,-9,-9,-9,-9,-9
2023,1,29,21,-9,-9,-9,-9,-9,-9
2023,1,29,22,-9,-9,-9,-9,-9,-9
2023,1,29,23,-9,-9,-9,-9,-9,-9
2023,1,30,0,-9,-9,-9,-9,-9,-9
2023,1,30,1,-9,-9,-9,-9,-9,-9
2023,1,30,2,-9,-9,-9,-9,-9,-9
2023,1,30,3,-9,-9,-9,-9,-9,-9
2023,1,30,4,-9,-9,-9,-9,-9,-9
2023,1,30,5,-9,-9,-9,-9,-9,-9
2023,1,30,6,-9,-9,-9,-9,-9,-9
2023,1,30,7,-9,-9,-9,-9,-9,-9
2023,1,30,8,-9,-9,-9,-9,-9,-9
2023,1,30,9,-9,-9,-9,-9,-9,-9
2023,1,30,10,-9,-9,-9,-9,-9,-9
2023,1,30,11,-9,-9,-9,-9,-9,-9
2023,1,30,12,-9,-9,-9,-9,-9,-9
2023,1,30,13,-9,-9,-9,-9,-9,-9
2023,1,30,14,-9,-9,-9,-9,-9,-9
2023,1,30,15,-9,-9,-9,-9,-9,-9
2023,1,30,16,-9,-9,-9,-9,-9,-9
2023,1,30,17,-9,-9,-9,-9,-9,-9
2023,1,30,18,-9,-9,-9,-9,-9,-9
2023,1,30,19,-9,-9,-9,-9,-9,-9
2023,1,30,20,-9,-9,-9,-9,-9,-9
2023,1,30,21,-9,-9,-9,-9,-9,-9
2023,1,30,22,-9,-9,-9,-9,-9,-9
2023,1,30,23,-9,-9,-9,-9,-9,-9
2023,1,31,0,-9,-9,-9,-9,-9,-9
2023,1,31,1,-9,-9,-9,-9,-9,-9
2023,1,31,2,-9,-9,-9,-9,-9,-9
2023,1,31,3,-9,-9,-9,-9,-9,-9
2023,1,31,4,-9,-9,-9,-9,-9,-9
2023,1,31,5,-9,-9,-9,-9,-9,-9
2023,1,31,6,-9,-9,-9,-9,-9,-9
2023,1,31,7,-9,-9,-9,-9,-9,-9
2023,1,31,8,-9,-9,-9,-9,-9,-9
2023,1,31,9,-9,-9,-9,-9,-9,-9
2023,1,31,10,-9,-9,-9,-9,-9,-9
2023,1,31,11,-9,-9,-9,-9,-9,-9
2023,1,31,12,-9,-9,-9,-9,-9,-9
2023,1,31,13,-9,-9,-9,-9,-9,-9
2023,1,31,14,-9,-9,-9,-9,-9,-9
2023,1,31,15,-9,-9,-9,-9,-9,-9
2023,1,31,16,-9,-9,-9,-9,-9,-9
2023,1,31,17,-9,-9,-9,-9,-9,-9
2023,1,31,18,-9,-9,-9,-9,-9,-9
2023,1,31,19,-9,-9,-9,-9,-9,-9
2023,1,31,20,-9,-9,-9,-9,-9,-9
2023,1,31,21,-9,-9,-9,-9,-9,-9
2023,1,31,22,-9,-9,-9,-9,-9,-9
2023,1,31,23,-9,-9,-9,-9,-9,-9
2023,2,1,0,-9,-9,-9,-9,-9,-9
2023,2,1,1,-9,-9,-9,-9,-9,-9
2023,2,1,2,-9,-9,-9,-9,-9,-9
2023,2,1,3,-9,-9,-9,-9,-9,-9
2023,2,1,4,-9,-9,-9,-9,-9,-9
2023,2,1,5,-9,-9,-9,-9,-9,-9
2023,2,1,6,-9,-9,-9,-9,-9,-9
2023,2,1,7,-9,-9,-9,-9,-9,-9
2023,2,1,8,-9,-9,-9,-9,-9,-9
2023,2,1,9,-9,-9,-9,-9,-9,-9
2023,2,1,10,-9,-9,-9,-9,-9,-9
2023,2,1,11,-9,-9,-9,-9,-9,-9
2023,2,1,12,-9,-9,-9,-9,-9,-9
2023,2,1,13,-9,-9,-9,-9,-9,-9
2023,2,1,14,-9,-9,-9,-9,-9,-9
2023,2,1,15,-9,-9,-9,-9,-9,-9
2023,2,1,16,-9,-9,-9,-9,-9,-9
2023,2,1,17,-9,-9,-9,-9,-9,-9
2023,2,1,18,-9,-9,-9,-9,-9,-9
2023,2,1,19,-9,-9,-9,-9,-9,-9
2023,2,1,20,-9,-9,-9,-9,-9,-9
2023,2,1,21,-9,-9,-9,-9,-9,-9
2023,2,1,22,-9,-9,-9,-9,-9,-9
2023,2,1,23,-9,-9,-9,-9,-9,-9
2023,2,2,0,-9,-9,-9,-9,-9,-9
2023,2,2,1,-9,-9,-9,-9,-9,-9
2023,2,2,2,-9,-9,-9,-9,-9,-9
2023,2,2,3,-9,-9,-9,-9,-9,-9
2023,2,2,4,-9,-9,-9,-9,-9,-9
2023,2,2,5,-9,-9,-9,-9,-9,-9
2023,2,2,6,-9,-9,-9,-9,-9,-9
2023,2,2,7,-9,-9,-9,-9,-9,-9
2023,2,2,8,-9,-9,-9,-9,-9,-9
2023,2,2,9,-9,-9,-9,-9,-9,-9
2023,2,2,10,-9,-9,-9,-9,-9,-9
2023,2,2,11,-9,-9,-9,-9,-9,-9
2023,2,2,12,169,74,169,199,145,135
2023,2,2,13,-9,-9,-9,-9,-9,-9
2023,2,2,14,-9,-9,-9,-9,-9,-9
2023,2,2,15,-9,-9,-9,-9,-9,-9
2023,2,2,16,-9,-9,-9,-9,-9,-9
2023,2,2,17,-9,-9,-9,-9,-9,-9
2023,2,2,18,-9,-9,-9,-9,-9,-9
2023,2,2,19,-9,-9,-9,-9,-9,-9
2023,2,2,20,-9,-9,-9,-9,-9,-9
2023,2,2,21,-9,-9,-9,-9,-9,-9
2023,2,2,22,-9,-9,-9,-9,-9,-9
2023,2,2,23,-9,-9,-9,-9,-9,-9
2023,2,3,0,-9,-9,-9,-9,-9,-9
2023,2,3,1,-9,-9,-9,-9,-9,-9
2023,2,3,2,-9,-9,-9,-9,-9,-9
2023,2,3,3,-9,-9,-9,-9,-9,-9
2023,2,3,4,-9,-9,-9,-9,-9,-9
2023,2,3,5,-9,-9,-9,-9,-9,-9
2023,2,3,6,-9,-9,-9,-9,-9,-9
2023,2,3,7,-9,-9,-9,-9,-9,-9
2023,2,3,8,-9,-9,-9,-9,-9,-9
2023,2,3,9,-9,-9,-9,-9,-9,-9
2023,2,3,10,-9,-9,-9,-9,-9,-9
2023,2,3,11,-9,-9,-9,-9,-9,-9
2023,2,3,12,-9,-9,-9,-9,-9,-9
2023,2,3,13,-9,-9,-9,-9,-9,-9
2023,2,3,14,-9,-9,-9,-9,-9,-9
2023,2,3,15,-9,-9,-9,-9,-9,-9
2023,2,3,16,-9,-9,-9,-9,-9,-9
2023,2,3,17,-9,-9,-9,-9,-9,-9
2023,2,3,18,-9,-9,-9,-9,-9,-9
2023,2,3,19,-9,-9,-9,-9,-9,-9
2023,2,3,20,-9,-9,-9,-9,-9,-9
2023,2,3,21,-9,-9,-9,-9,-9,-9
2023,2,3,22,-9,-9,-9,-9,-9,-9
2023,2,3,23,-9,-9,-9,-9,-9,-9
2023,2,4,0,-9,-9,-9,-9,-9,-9
2023,2,4,1,-9,-9,-9,-9,-9,-9
2023,2,4,2,-9,-9,-9,-9,-9,-9
2023,2,4,3,-9,-9,-9,-9,-9,-9
2023,2,4,4,-9,-9,-9,-9,-9,-9
2023,2,4,5,-9,-9,-9,-9,-9,-9
2023,2,4,6,-9,-9,-9,-9,-9,-9
2023,2,4,7,-9,-9,-9,-9,-9,-9
2023,2,4,8,-9,-9,-9,-9,-9,-9
2023,2,4,9,-9,-9,-9,-9,-9,-9
2023,2,4,10,-9,-9,-9,-9,-9,-9
2023,2,4,11,-9,-9,-9,-9,-9,-9
2023,2,4,12,-9,-9,-9,-9,-9,-9
2023,2,4,13,-9,-9,-9,-9,-9,-9
2023,2,4,14,-9,-9,-9,-9,-9,-9
2023,2,4,15,-9,-9,-9,-9,-9,-9
2023,2,4,16,-9,-9,-9,-9,-9,-9
2023,2,4,17,-9,-9,-9,-9,-9,-9
2023,2,4,18,-9,-9,-9,-9,-9,-9
2023,2,4,19,-9,-9,-9,-9,-9,-9
2023,2,4,20,-9,-9,-9,-9,-9,-9
2023,2,4,21,-9,-9,-9,-9,-9,-9
2023,2,4,22,-9,-9,-9,-9,-9,-9
2023,2,4,23,-9,-9,-9,-9,-9,-9
2023,2,5,0,-9,-9,-9,-9,-9,-9
2023,2,5,1,-9,-9,-9,-9,-9,-9
2023,2,5,2,-9,-9,-9,-9,-9,-9
2023,2,5,3,-9,-9,-9,-9,-9,-9
2023,2,5,4,-9,-9,-9,-9,-9,-9
2023,2,5,5,-9,-9,-9,-9,-9,-9
2023,2,5,6,-9,-9,-9,-9,-9,-9
2023,2,5,7,-9,-9,-9,-9,-9,-9
2023,2,5,8,-9,-9,-9,-9,-9,-9
2023,2,5,9,-9,-9,-9,-9,-9,-9
2023,2,5,10,-9,-9,-9,-9,-9,-9
2023,2,5,11,-9,-9,-9,-9,-9,-9
2023,2,5,12,-9,-9,-9,-9,-9,-9
2023,2,5,13,-9,-9,-9,-9,-9,-9
2023,2,5,14,-9,-9,-9,-9,-9,-9
2023,2,5,15,-9,-9,-9,-9,-9,-9
2023,2,5,16,-9,-9,-9,-9,-9,-9
2023,2,5,17,-9,-9,-9,-9,-9,-9
2023,2,5,18,-9,-9,-9,-9,-9,-9
2023,2,5,19,-9,-9,-9,-9,-9,-9
2023,2,5,20,-9,-9,-9,-9,-9,-9
2023,2,5,21,-9,-9,-9,-9,-9,-9
2023,2,5,22,-9,-9,-9,-9,-9,-9
2023,2,5,23,-9,-9,-9,-9,-9,-9
2023,2,6,0,-9,-9,-9,-9,-9,-9
2023,2,6,1,-9,-9,-9,-9,-9,-9
2023,2,6,2,-9,-9,-9,-9,-9,-9
2023,2,6,3,-9,-9,-9,-9,-9,-9
2023,2,6,4,-9,-9,-9,-9,-9,-9
2023,2,6,5,-9,-9,-9,-9,-9,-9
2023,2,6,6,-9,-9,-9,-9,-9,-9
2023,2,6,7,-9,-9,-9,-9,-9,-9
2023,2,6,8,-9,-9,-9,-9,-9,-9
2023,2,6,9,-9,-9,-9,-9,-9,-9
2023,2,6,10,-9,-9,-9,-9,-9,-9
2023,2,6,11,-9,-9,-9,-9,-9,-9
2023,2,6,12,-9,-9,-9,-9,-9,-9
2023,2,6,13,-9,-9,-9,-9,-9,-9
2023,2,6,14,-9,-9,-9,-9,-9,-9
2023,2,6,15,-9,-9,-9,-9,-9,-9
2023,2,6,16,-9,-9,-9,-9,-9,-9
2023,2,6,17,-9,-9,-9,-9,-9,-9
2023,2,6,18,-9,-9,-9,-9,-9,-9
2023,2,6,19,-9,-9,-9,-9,-9,-9
2023,2,6,20,-9,-9,-9,-9,-9,-9
2023,2,6,21,-9,-9,-9,-9,-9,-9
2023,2,6,22,-9,-9,-9,-9,-9,-9
2023,2,6,23,-9,-9,-9,-9,-9,-9
2023,2,7,0,-9,-9,-9,-9,-9,-9
2023,2,7,1,-9,-9,-9,-9,-9,-9
2023,2,7,2,-9,-9,-9,-9,-9,-9
2023,2,7,3,-9,-9,-9,-9,-9,-9
2023,2,7,4,-9,-9,-9,-9,-9,-9
2023,2,7,5,-9,-9,-9,-9,-9,-9
2023,2,7,6,-9,-9,-9,-9,-9,-9
2023,2,7,7,-9,-9,-9,-9,-9,-9
2023,2,7,8,-9,-9,-9,-9,-9,-9
2023,2,7,9,-9,-9,-9,-9,-9,-9
2023,2,7,10,-9,-9,-9,-9,-9,-9
2023,2,7,11,-9,-9,-9,-9,-9,-9
2023,2,7,12,-9,-9,-9,-9,-9,-9
2023,2,7,13,-9,-9,-9,-9,-9,-9
2023,2,7,14,-9,-9,-9,-9,-9,-9
2023,2,7,15,-9,-9,-9,-9,-9,-9
2023,2,7,16,-9,-9,-9,-9,-9,-9
2023,2,7,17,-9,-9,-9,-9,-9,-9
2023,2,7,18,-9,-9,-9,-9,-9,-9
2023,2,7,19,-9,-9,-9,-9,-9,-9
2023,2,7,20,-9,-9,-9,-9,-9,-9
2023,2,7,21,-9,-9,-9,-9,-9,-9
2023,2,7,22,-9,-9,-9,-9,-9,-9
2023,2,7,23,-9,-9,-9,-9,-9,-9
2023,2,8,0,-9,-9,-9,-9,-9,-9
2023,2,8,1,-9,-9,-9,-9,-9,-9
2023,2,8,2,-9,-9,-9,-9,-9,-9
2023,2,8,3,-9,-9,-9,-9,-9,-9
2023,2,8,4,-9,-9,-9,-9,-9,-9
2023,2,8,5,-9,-9,-9,-9,-9,-9
2023,2,8,6,-9,-9,-9,-9,-9,-9
2023,2,8,7,-9,-9,-9,-9,-9,-9
2023,2,8,8,-9,-9,-9,-9,-9,-9
2023,2,8,9,-9,-9,-9,-9,-9,-9
2023,2,8,10,-9,-9,-9,-9,-9,-9
2023,2,8,11,-9,-9,-9,-9,-9,-9
2023,2,8,12,-9,-9,-9,-9,-9,-9
2023,2,8,13,-9,-9,-9,-9,-9,-9
2023,2,8,14,-9,-9,-9,-9,-9,-9
2023,2,8,15,-9,-9,-9,-9,-9,-9
2023,2,8,16,-9,-9,-9,-9,-9,-9
2023,2,8,17,-9,-9,-9,-9,-9,-9
2023,2,8,18,-9,-9,-9,-9,-9,-9
2023,2,8,19,-9,-9,-9,-9,-9,-9
2023,2,8,20,-9,-9,-9,-9,-9,-9
2023,2,8,21,-9,-9,-9,-9,-9,-9
2023,2,8,22,-9,-9,-9,-9,-9,-9
2023,2,8,23,-9,-9,-9,-9,-9,-9
2023,2,9,0,-9,-9,-9,-9,-9,-9
2023,2,9,1,-9,-9,-9,-9,-9,-9
2023,2,9,2,-9,-9,-9,-9,-9,-9
2023,2,9,3,-9,-9,-9,-9,-9,-9
2023,2,9,4,-9,-9,-9,-9,-9,-9
2023,2,9,5,-9,-9,-9,-9,-9,-9
2023,2,9,6,-9,-9,-9,-9,-9,-9
2023,2,9,7,-9,-9,-9,-9,-9,-9
2023,2,9,8,-9,-9,-9,-9,-9,-9
2023,2,9,9,-9,-9,-9,-9,-9,-9
2023,2,9,10,-9,-9,-9,-9,-9,-9
2023,2,9,11,-9,-9,-9,-9,-9,-9
2023,2,9,12,471,279,389,341,530,262
2023,2,9,13,-9,-9,-9,-9,-9,-9
2023,2,9,14,-9,-9,-9,-9,-9,-9
2023,2,9,15,-9,-9,-9,-9,-9,-9
2023,2,9,16,-9,-9,-9,-9,-9,-9
2023,2,9,17,-9,-9,-9,-9,-9,-9
2023,2,9,18,-9,-9,-9,-9,-9,-9
2023,2,9,19,-9,-9,-9,-9,-9,-9
2023,2,9,20,-9,-9,-9,-9,-9,-9
2023,2,9,21,-9,-9,-9,-9,-9,-9
2023,2,9,22,-9,-9,-9,-9,-9,-9
2023,2,9,23,-9,-9,-9,-9,-9,-9
2023,2,10,0,-9,-9,-9,-9,-9,-9
2023,2,10,1,-9,-9,-9,-9,-9,-9
2023,2,10,2,-9,-9,-9,-9,-9,-9
2023,2,10,3,-9,-9,-9,-9,-9,-9
2023,2,10,4,-9,-9,-9,-9,-9,-9
2023,2,10,5,-9,-9,-9,-9,-9,-9
2023,2,10,6,-9,-9,-9,-9,-9,-9
2023,2,10,7,-9,-9,-9,-9,-9,-9
2023,2,10,8,-9,-9,-9,-9,-9,-9
2023,2,10,9,-9,-9,-9,-9,-9,-9
2023,2,10,10,-9,-9,-9,-9,-9,-9
2023,2,10,11,-9,-9,-9,-9,-9,-9
2023,2,10,12,-9,-9,-9,-9,-9,-9
2023,2,10,13,-9,-9,-9,-9,-9,-9
2023,2,10,14,-9,-9,-9,-9,-9,-9
2023,2,10,15,-9,-9,-9,-9,-9,-9
2023,2,10,16,-9,-9,-9,-9,-9,-9
2023,2,10,17,-9,-9,-9,-9,-9,-9
2023,2,10,18,-9,-9,-9,-9,-9,-9
2023,2,10,19,-9,-9,-9,-9,-9,-9
2023,2,10,20,-9,-9,-9,-9,-9,-9
2023,2,10,21,-9,-9,-9,-9,-9,-9
2023,2,10,22,-9,-9,-9,-9,-9,-9
2023,2,10,23,-9,-9,-9,-9,-9,-9
2023,2,11,0,-9,-9,-9,-9,-9,-9
2023,2,11,1,-9,-9,-9,-9,-9,-9
2023,2,11,2,-9,-9,-9,-9,-9,-9
2023,2,11,3,-9,-9,-9,-9,-9,-9
2023,2,11,4,-9,-9,-9,-9,-9,-9
2023,2,11,5,-9,-9,-9,-9,-9,-9
2023,2,11,6,-9,-9,-9,-9,-9,-9
2023,2,11,7,-9,-9,-9,-9,-9,-9
2023,2,11,8,-9,-9,-9,-9,-9,-9
2023,2,11,9,-9,-9,-9,-9,-9,-9
2023,2,11,10,-9,-9,-9,-9,-9,-9
2023,2,11,11,-9,-9,-9,-9,-9,-9
2023,2,11,12,-9,-9,-9,-9,-9,-9
2023,2,11,13,-9,-9,-9,-9,-9,-9
2023,2,11,14,-9,-9,-9,-9,-9,-9
2023,2,11,15,-9,-9,-9,-9,-9,-9
2023,2,11,16,-9,-9,-9,-9,-9,-9
2023,2,11,17,-9,-9,-9,-9,-9,-9
2023,2,11,18,-9,-9,-9,-9,-9,-9
2023,2,11,19,-9,-9,-9,-9,-9,-9
2023,2,11,20,-9,-9,-9,-9,-9,-9
2023,2,11,21,-9,-9,-9,-9,-9,-9
2023,2,11,22,-9,-9,-9,-9,-9,-9
2023,2,11,23,-9,-9,-9,-9,-9,-9
2023,2,12,0,-9,-9,-9,-9,-9,-9
2023,2,12,1,-9,-9,-9,-9,-9,-9
2023,2,12,2,-9,-9,-9,-9,-9,-9
2023,2,12,3,-9,-9,-9,-9,-9,-9
2023,2,12,4,-9,-9,-9,-9,-9,-9
2023,2,12,5,-9,-9,-9,-9,-9,-9
2023,2,12,6,-9,-9,-9,-9,-9,-9
2023,2,12,7,-9,-9,-9,-9,-9,-9
2023,2,12,8,-9,-9,-9,-9,-9,-9
2023,2,12,9,-9,-9,-9,-9,-9,-9
2023,2,12,10,-9,-9,-9,-9,-9,-9
2023,2,12,11,-9,-9,-9,-9,-9,-9
2023,2,12,12,-9,-9,-9,-9,-9,-9
2023,2,12,13,-9,-9,-9,-9,-9,-9
2023,2,12,14,-9,-9,-9,-9,-9,-9
2023,2,12,15,-9,-9,-9,-9,-9,-9
2023,2,12,16,-9,-9,-9,-9,-9,-9
2023,2,12,17,-9,-9,-9,-9,-9,-9
2023,2,12,18,-9,-9,-9,-9,-9,-9
2023,2,12,19,-9,-9,-9,-9,-9,-9
2023,2,12,20,-9,-9,-9,-9,-9,-9
2023,2,12,21,-9,-9,-9,-9,-9,-9
2023,2,12,22,-9,-9,-9,-9,-9,-9
2023,2,12,23,-9,-9,-9,-9,-9,-9
2023,2,13,0,-9,-9,-9,-9,-9,-9
2023,2,13,1,-9,-9,-9,-9,-9,-9
2023,2,13,2,-9,-9,-9,-9,-9,-9
2023,2,13,3,-9,-9,-9,-9,-9,-9
2023,2,13,4,-9,-9,-9,-9,-9,-9
2023,2,13,5,-9,-9,-9,-9,-9,-9
2023,2,13,6,-9,-9,-9,-9,-9,-9
2023,2,13,7,-9,-9,-9,-9,-9,-9
2023,2,13,8,-9,-9,-9,-9,-9,-9
2023,2,13,9,-9,-9,-9,-9,-9,-9
2023,2,13,10,-9,-9,-9,-9,-9,-9
2023,2,13,11,-9,-9,-9,-9,-9,-9
2023,2,13,12,-9,-9,-9,-9,-9,-9
2023,2,13,13,-9,-9,-9,-9,-9,-9
2023,2,13,14,-9,-9,-9,-9,-9,-9
2023,2,13,15,-9,-9,-9,-9,-9,-9
2023,2,13,16,-9,-9,-9,-9,-9,-9
2023,2,13,17,-9,-9,-9,-9,-9,-9
2023,2,13,18,-9,-9,-9,-9,-9,-9
2023,2,13,19,-9,-9,-9,-9,-9,-9
2023,2,13,20,-9,-9,-9,-9,-9,-9
2023,2,13,21,-9,-9,-9,-9,-9,-9
2023,2,13,22,-9,-9,-9,-9,-9,-9
2023,2,13,23,-9,-9,-9,-9,-9,-9
2023,2,14,0,-9,-9,-9,-9,-9,-9
2023,2,14,1,-9,-9,-9,-9,-9,-9
2023,2,14,2,-9,-9,-9,-9,-9,-9
2023,2,14,3,-9,-9,-9,-9,-9,-9
2023,2,14,4,-9,-9,-9,-9,-9,-9
2023,2,14,5,-9,-9,-9,-9,-9,-9
2023,2,14,6,-9,-9,-9,-9,-9,-9
2023,2,14,7,-9,-9,-9,-9,-9,-9
2023,2,14,8,-9,-9,-9,-9,-9,-9
2023,2,14,9,-9,-9,-9,-9,-9,-9
2023,2,14,10,-9,-9,-9,-9,-9,-9
2023,2,14,11,-9,-9,-9,-9,-9,-9
2023,2,14,12,-9,-9,-9,-9,-9,-9
2023,2,14,13,-9,-9,-9,-9,-9,-9
2023,2,14,14,-9,-9,-9,-9,-9,-9
2023,2,14,15,-9,-9,-9,-9,-9,-9
2023,2,14,16,-9,-9,-9,-9,-9,-9
2023,2,14,17,-9,-9,-9,-9,-9,-9
2023,2,14,18,-9,-9,-9,-9,-9,-9
2023,2,14,19,-9,-9,-9,-9,-9,-9
2023,2,14,20,-9,-9,-9,-9,-9,-9
2023,2,14,21,-9,-9,-9,-9,-9,-9
2023,2,14,22,-9,-9,-9,-9,-9,-9
2023,2,14,23,-9,-9,-9,-9,-9,-9
2023,2,15,0,-9,-9,-9,-9,-9,-9
2023,2,15,1,-9,-9,-9,-9,-9,-9
2023,2,15,2,-9,-9,-9,-9,-9,-9
2023,2,15,3,-9,-9,-9,-9,-9,-9
2023,2,15,4,-9,-9,-9,-9,-9,-9
2023,2,15,5,-9,-9,-9,-9,-9,-9
2023,2,15,6,-9,-9,-9,-9,-9,-9
2023,2,15,7,-9,-9,-9,-9,-9,-9
2023,2,15,8,-9,-9,-9,-9,-9,-9
2023,2,15,9,-9,-9,-9,-9,-9,-9
2023,2,15,10,-9,-9,-9,-9,-9,-9
2023,2,15,11,-9,-9,-9,-9,-9,-9
2023,2,15,12,-9,-9,-9,-9,-9,-9
2023,2,15,13,-9,-9,-9,-9,-9,-9
2023,2,15,14,-9,-9,-9,-9,-9,-9
2023,2,15,15,-9,-9,-9,-9,-9,-9
2023,2,15,16,-9,-9,-9,-9,-9,-9
2023,2,15,17,-9,-9,-9,-9,-9,-9
2023,2,15,18,-9,-9,-9,-9,-9,-9
2023,2,15,19,-9,-9,-9,-9,-9,-9
2023,2,15,20,-9,-9,-9,-9,-9,-9
2023,2,15,21,-9,-9,-9,-9,-9,-9
2023,2,15,22,-9,-9,-9,-9,-9,-9
2023,2,15,23,-9,-9,-9,-9,-9,-9
2023,2,16,0,-9,-9,-9,-9,-9,-9
2023,2,16,1,-9,-9,-9,-9,-9,-9
2023,2,16,2,-9,-9,-9,-9,-9,-9
2023,2,16,3,-9,-9,-9,-9,-9,-9
2023,2,16,4,-9,-9,-9,-9,-9,-9
2023,2,16,5,-9,-9,-9,-9,-9,-9
2023,2,16,6,-9,-9,-9,-9,-9,-9
2023,2,16,7,-9,-9,-9,-9,-9,-9
2023,2,16,8,-9,-9,-9,-9,-9,-9
2023,2,16,9,-9,-9,-9,-9,-9,-9
2023,2,16,10,-9,-9,-9,-9,-9,-9
2023,2,16,11,-9,-9,-9,-9,-9,-9
2023,2,16,12,-9,-9,-9,-9,-9,-9
2023,2,16,13,-9,-9,-9,-9,-9,-9
2023,2,16,14,-9,-9,-9,-9,-9,-9
2023,2,16,15,-9,-9,-9,-9,-9,-9
2023,2,16,16,-9,-9,-9,-9,-9,-9
2023,2,16,17,-9,-9,-9,-9,-9,-9
2023,2,16,18,-9,-9,-9,-9,-9,-9
2023,2,16,19,-9,-9,-9,-9,-9,-9
2023,2,16,20,-9,-9,-9,-9,-9,-9
2023,2,16,21,-9,-9,-9,-9,-9,-9
2023,2,16,22,-9,-9,-9,-9,-9,-9
2023,2,16,23,-9,-9,-9,-9,-9,-9
2023,2,17,0,-9,-9,-9,-9,-9,-9
2023,2,17,1,-9,-9,-9,-9,-9,-9
2023,2,17,2,-9,-9,-9,-9,-9,-9
2023,2,17,3,-9,-9,-9,-9,-9,-9
2023,2,17,4,-9,-9,-9,-9,-9,-9
2023,2,17,5,-9,-9,-9,-9,-9,-9
2023,2,17,6,-9,-9,-9,-9,-9,-9
2023,2,17,7,-9,-9,-9,-9,-9,-9
